Author,OA_ID,unique_affiliation_count,affiliation-2025,ID-2025,affiliation-2024,ID-2024,affiliation-2023,ID-2023,affiliation-2022,ID-2022,affiliation-2021,ID-2021,affiliation-2020,ID-2020,affiliation-2019,ID-2019,affiliation-2018,ID-2018,affiliation-2017,ID-2017,affiliation-2016,ID-2016,affiliation-2015,ID-2015,affiliation-2014,ID-2014,affiliation-2013,ID-2013,affiliation-2012,ID-2012,affiliation-2011,ID-2011,affiliation-2010,ID-2010,affiliation-2009,ID-2009,affiliation-2008,ID-2008,affiliation-2007,ID-2007,affiliation-2006,ID-2006,affiliation-2005,ID-2005,affiliation-2004,ID-2004,affiliation-2003,ID-2003,affiliation-2002,ID-2002,affiliation-2001,ID-2001,affiliation-2000,ID-2000,affiliation-1999,ID-1999,affiliation-1998,ID-1998,affiliation-1997,ID-1997,affiliation-1996,ID-1996,affiliation-1995,ID-1995,affiliation-1994,ID-1994,affiliation-1992,ID-1992,affiliation-1990,ID-1990,affiliation-1987,ID-1987
Alexander Sasha Vezhnevets,A5030684417,3,Google (United Kingdom),https://openalex.org/I4210113297,,,DeepMind (United Kingdom),https://openalex.org/I4210090411,DeepMind (United Kingdom),https://openalex.org/I4210090411,DeepMind (United Kingdom),https://openalex.org/I4210090411,DeepMind (United Kingdom),https://openalex.org/I4210090411,DeepMind (United Kingdom),https://openalex.org/I4210090411,,,Google (United States),https://openalex.org/I1291425158,Google (United States),https://openalex.org/I1291425158,,,,,,,,,,,,,,,,,,,,,,,,,,,,,,,,,,,,,,,,,,,,,,,,,,
André Araujo,A5101666068,5,DeepMind (United Kingdom),https://openalex.org/I4210090411,Google (United States),https://openalex.org/I1291425158,Google (United States),https://openalex.org/I1291425158,,,Google (United States),https://openalex.org/I1291425158,Google (United States),https://openalex.org/I1291425158,Google (United States),https://openalex.org/I1291425158,,,Pohang University of Science and Technology,https://openalex.org/I123900574,Stanford University,https://openalex.org/I97018004,Stanford University,https://openalex.org/I97018004,Stanford University,https://openalex.org/I97018004,Stanford University,https://openalex.org/I97018004,,,Stanford University,https://openalex.org/I97018004,Hospital de Clínicas da Unicamp,https://openalex.org/I4210148978,,,Hospital de Clínicas da Unicamp,https://openalex.org/I4210148978,,,,,,,,,,,,,,,,,,,,,,,,,,,,,,,,,,
Arjun Karpur,A5086235030,2,,,Google (United States),https://openalex.org/I1291425158,Google (United States),https://openalex.org/I1291425158,,,Google (United States),https://openalex.org/I1291425158,,,,,The University of Texas at Austin,https://openalex.org/I86519309,The University of Texas at Austin,https://openalex.org/I86519309,,,,,,,,,,,,,,,,,,,,,,,,,,,,,,,,,,,,,,,,,,,,,,,,,,,,
Arthur Szlam,A5053145694,7,,,,,,,ETH Zurich,https://openalex.org/I35440088,City College of New York,https://openalex.org/I125687163,City College of New York,https://openalex.org/I125687163,Harvard University Press,https://openalex.org/I2801851002,Meta (Israel),https://openalex.org/I2252078561,Menlo School,https://openalex.org/I4210099336,City College of New York,https://openalex.org/I125687163,Meta (Israel),https://openalex.org/I2252078561,DeepMind (United Kingdom),https://openalex.org/I4210090411,City University of New York,https://openalex.org/I174216632,City University of New York,https://openalex.org/I174216632,City College of New York,https://openalex.org/I125687163,,,,,,,,,,,,,,,,,,,,,,,,,,,,,,,,,,,,,,,,
Been Kim,A5054693573,0,,,,,,,,,,,,,,,,,,,,,,,,,,,,,,,,,,,,,,,,,,,,,,,,,,,,,,,,,,,,,,,,,,,,,,
Bingyi Cao,A5108773038,2,,,Google (United States),https://openalex.org/I1291425158,Freie Universität Berlin,https://openalex.org/I75951250,,,Freie Universität Berlin,https://openalex.org/I75951250,Freie Universität Berlin,https://openalex.org/I75951250,,,,,,,Freie Universität Berlin,https://openalex.org/I75951250,,,,,,,,,,,,,,,,,,,,,,,,,,,,,,,,,,,,,,,,,,,,,,,,,,
Caleb Biddulph,A5116014385,0,,,,,,,,,,,,,,,,,,,,,,,,,,,,,,,,,,,,,,,,,,,,,,,,,,,,,,,,,,,,,,,,,,,,,,
Dale Schuurmans,A5115944506,0,,,,,,,,,,,,,,,,,,,,,,,,,,,,,,,,,,,,,,,,,,,,,,,,,,,,,,,,,,,,,,,,,,,,,,
Dan Gnanapragasam,A5029175132,1,,,,,,,Google (United States),https://openalex.org/I1291425158,,,,,,,,,,,,,,,,,,,,,,,,,,,,,,,,,,,,,,,,,,,,,,,,,,,,,,,,,,,,,,
Daniel Salz,A5065353057,1,,,Google (United States),https://openalex.org/I1291425158,,,,,,,,,,,,,,,,,,,,,,,,,,,,,,,,,,,,,,,,,,,,,,,,,,,,,,,,,,,,,,,,,,
Dara Bahri,A5036477705,3,,,,,Google (United States),https://openalex.org/I1291425158,Google (United States),https://openalex.org/I1291425158,Centre Universitaire de Mila,https://openalex.org/I4210155582,Google (United States),https://openalex.org/I1291425158,,,Google (United States),https://openalex.org/I1291425158,,,,,,,Lawrence Berkeley National Laboratory,https://openalex.org/I148283060,,,,,,,,,,,,,,,,,,,,,,,,,,,,,,,,,,,,,,,,,,,,,,
Dave Marwood,A5073005062,0,,,,,,,,,,,,,,,,,,,,,,,,,,,,,,,,,,,,,,,,,,,,,,,,,,,,,,,,,,,,,,,,,,,,,,
David Elson,A5116014384,0,,,,,,,,,,,,,,,,,,,,,,,,,,,,,,,,,,,,,,,,,,,,,,,,,,,,,,,,,,,,,,,,,,,,,,
David Lindner,A5059597480,2,,,,,ETH Zurich,https://openalex.org/I35440088,,,ETH Zurich,https://openalex.org/I35440088,,,University of Cologne,https://openalex.org/I180923762,University of Cologne,https://openalex.org/I180923762,,,,,,,,,,,,,,,,,,,,,,,,,,,,,,,,,,,,,,,,,,,,,,,,,,,,,,
Edgar A. Duéñez‐Guzmán,A5061221525,6,Google (United Kingdom),https://openalex.org/I4210113297,,,Google (United Kingdom),https://openalex.org/I4210113297,DeepMind (United Kingdom),https://openalex.org/I4210090411,DeepMind (United Kingdom),https://openalex.org/I4210090411,DeepMind (United Kingdom),https://openalex.org/I4210090411,DeepMind (United Kingdom),https://openalex.org/I4210090411,DeepMind (United Kingdom),https://openalex.org/I4210090411,,,,,KU Leuven,https://openalex.org/I99464096,KU Leuven,https://openalex.org/I99464096,KU Leuven,https://openalex.org/I99464096,Harvard University,https://openalex.org/I136199984,Harvard University Press,https://openalex.org/I2801851002,Harvard University,https://openalex.org/I136199984,University of Tennessee at Knoxville,https://openalex.org/I75027704,University of Tennessee at Knoxville,https://openalex.org/I75027704,,,,,,,,,,,,,,,,,,,,,,,,,,,,,,,,,,
Georgios Piliouras,A5079969658,9,Google (United States),https://openalex.org/I1291425158,Google (United States),https://openalex.org/I1291425158,Google (United Kingdom),https://openalex.org/I4210113297,National University of Singapore,https://openalex.org/I165932596,Singapore University of Technology and Design,https://openalex.org/I152815399,Indiana University – Purdue University Indianapolis,https://openalex.org/I55769427,Singapore University of Technology and Design,https://openalex.org/I152815399,Singapore University of Technology and Design,https://openalex.org/I152815399,Singapore University of Technology and Design,https://openalex.org/I152815399,"University of California, Berkeley",https://openalex.org/I95457486,California Institute of Technology,https://openalex.org/I122411786,Georgia Institute of Technology,https://openalex.org/I130701444,Georgia Institute of Technology,https://openalex.org/I130701444,Georgia Institute of Technology,https://openalex.org/I130701444,Cornell University,https://openalex.org/I205783295,Cornell University,https://openalex.org/I205783295,Cornell University,https://openalex.org/I205783295,,,,,,,,,,,,,,,,,,,,,,,,,,,,,,,,,,,,
Guangxing Han,A5063732687,3,,,,,Tsinghua University,https://openalex.org/I99065089,Columbia University,https://openalex.org/I78577930,Columbia University,https://openalex.org/I78577930,,,North China University of Technology,https://openalex.org/I1456306,Tsinghua University,https://openalex.org/I99065089,Tsinghua University,https://openalex.org/I99065089,Tsinghua University,https://openalex.org/I99065089,Tsinghua University,https://openalex.org/I99065089,,,,,,,,,,,,,,,,,,,,,,,,,,,,,,,,,,,,,,,,,,,,,,,,
Howard Zhou,A5056352820,3,,,Google (United States),https://openalex.org/I1291425158,,,,,Google (United States),https://openalex.org/I1291425158,,,,,,,,,University of British Columbia,https://openalex.org/I141945490,Google (United States),https://openalex.org/I1291425158,,,,,,,,,Georgia Institute of Technology,https://openalex.org/I130701444,Georgia Institute of Technology,https://openalex.org/I130701444,Georgia Institute of Technology,https://openalex.org/I130701444,Georgia Institute of Technology,https://openalex.org/I130701444,,,,,,,,,,,,,,,,,,,,,,,,,,,,,,,,
Ian Fischer,A5051461147,4,,,,,,,,,Google (United States),https://openalex.org/I1291425158,Google (United States),https://openalex.org/I1291425158,Google (United States),https://openalex.org/I1291425158,Google (United States),https://openalex.org/I1291425158,Google (United States),https://openalex.org/I1291425158,Google (United States),https://openalex.org/I1291425158,,,,,,,"University of California, Berkeley",https://openalex.org/I95457486,,,,,,,,,,,Harvard University Press,https://openalex.org/I2801851002,,,,,,,,,,,New Jersey Institute of Technology,https://openalex.org/I118118575,,,,,,,,,,,New Jersey Institute of Technology,https://openalex.org/I118118575,,,,,,
Ian Goodfellow,A5004271128,4,,,Google (United States),https://openalex.org/I1291425158,Google (United States),https://openalex.org/I1291425158,,,,,Apple (Germany),https://openalex.org/I4210141230,NTT (Japan),https://openalex.org/I2251713219,Microsoft (Canada),https://openalex.org/I4210153468,Google (United States),https://openalex.org/I1291425158,Google (United States),https://openalex.org/I1291425158,Google (United States),https://openalex.org/I1291425158,Google (United States),https://openalex.org/I1291425158,Google (United States),https://openalex.org/I1291425158,,,,,,,,,,,,,,,,,,,,,,,,,,,,,,,,,,,,,,,,,,,,
Ibrahim Alabdulmohsin,A5029133361,5,,,Google (United States),https://openalex.org/I1291425158,Brain (Germany),https://openalex.org/I4210113520,,,Google (United States),https://openalex.org/I1291425158,Google (Switzerland),https://openalex.org/I4210100430,Saudi Aramco (Saudi Arabia),https://openalex.org/I4210143841,King Abdullah University of Science and Technology,https://openalex.org/I71920554,King Abdullah University of Science and Technology,https://openalex.org/I71920554,King Abdullah University of Science and Technology,https://openalex.org/I71920554,King Abdullah University of Science and Technology,https://openalex.org/I71920554,King Abdullah University of Science and Technology,https://openalex.org/I71920554,,,,,,,,,,,,,,,,,,,,,,,,,,,,,,,,,,,,,,,,,,,,,,
Iyad Rahwan,A5009232244,6,Max Planck Institute for Human Development,https://openalex.org/I4210120221,Max Planck Society,https://openalex.org/I149899117,Max Planck Society,https://openalex.org/I149899117,University of Exeter,https://openalex.org/I23923803,Human Media,https://openalex.org/I4210142372,Southern Methodist University,https://openalex.org/I178169726,Massachusetts Institute of Technology,https://openalex.org/I63966007,Human Media,https://openalex.org/I4210142372,Massachusetts Institute of Technology,https://openalex.org/I63966007,Human Media,https://openalex.org/I4210142372,Massachusetts Institute of Technology,https://openalex.org/I63966007,,,,,Massachusetts Institute of Technology,https://openalex.org/I63966007,Massachusetts Institute of Technology,https://openalex.org/I63966007,,,,,,,,,,,,,,,,,,,,,,,,,,,,,,,,,,,,,,,,
Jan Dlabal,A5032570936,1,,,Google (United States),https://openalex.org/I1291425158,,,,,Google (United States),https://openalex.org/I1291425158,Google (United States),https://openalex.org/I1291425158,,,,,,,,,,,,,,,,,,,,,,,,,,,,,,,,,,,,,,,,,,,,,,,,,,,,,,,,,,
Jed R. Brubaker,A5084740625,7,University of Colorado Boulder,https://openalex.org/I188538660,University of Colorado System,https://openalex.org/I2802236040,University of Colorado Boulder,https://openalex.org/I188538660,University of Colorado Boulder,https://openalex.org/I188538660,"University of California, Irvine",https://openalex.org/I204250578,University of Colorado System,https://openalex.org/I2802236040,University of Colorado System,https://openalex.org/I2802236040,University of Colorado System,https://openalex.org/I2802236040,University of Colorado Boulder,https://openalex.org/I188538660,Meta (United States),https://openalex.org/I4210114444,"University of California, Irvine",https://openalex.org/I204250578,"University of California, Irvine",https://openalex.org/I204250578,Drug Enforcement Administration,https://openalex.org/I1323015784,Microsoft Research (United Kingdom),https://openalex.org/I4210164937,"University of California, Irvine",https://openalex.org/I204250578,,,,,,,University of Utah,https://openalex.org/I223532165,,,,,University of Utah,https://openalex.org/I223532165,,,,,,,,,,,,,,,,,,,,,,,,,,
Jiaxing Wu,A5101996381,5,,,Chongqing University of Posts and Telecommunications,https://openalex.org/I10535382,,,Southwest University,https://openalex.org/I142108993,Donghua University,https://openalex.org/I181326427,Donghua University,https://openalex.org/I181326427,Chongqing University of Posts and Telecommunications,https://openalex.org/I10535382,Chongqing University of Posts and Telecommunications,https://openalex.org/I10535382,,,,,,,,,Nanjing University of Posts and Telecommunications,https://openalex.org/I41198531,,,,,,,,,,,Wuhan University,https://openalex.org/I37461747,,,,,,,,,,,,,,,,,,,,,,,,,,,,,,,,
Joel Z. Leibo,A5054808675,6,Google (United States),https://openalex.org/I1291425158,King's College London,https://openalex.org/I183935753,Google (United States),https://openalex.org/I1291425158,Google (United Kingdom),https://openalex.org/I4210113297,Google (United States),https://openalex.org/I1291425158,Google (United States),https://openalex.org/I1291425158,Massachusetts Institute of Technology,https://openalex.org/I63966007,Massachusetts Institute of Technology,https://openalex.org/I63966007,Google (United States),https://openalex.org/I1291425158,McGovern Institute for Brain Research,https://openalex.org/I144112489,McGovern Institute for Brain Research,https://openalex.org/I144112489,McGovern Institute for Brain Research,https://openalex.org/I144112489,Institute of Cognitive and Brain Sciences,https://openalex.org/I4210104429,McGovern Institute for Brain Research,https://openalex.org/I144112489,Massachusetts Institute of Technology,https://openalex.org/I63966007,,,,,,,,,,,,,,,,,,,,,,,,,,,,,,,,,,,,,,,,
John Agapiou,A5017056095,7,,,General Motors (United States),https://openalex.org/I118136607,DeepMind (United Kingdom),https://openalex.org/I4210090411,DeepMind (United Kingdom),https://openalex.org/I4210090411,DeepMind (United Kingdom),https://openalex.org/I4210090411,,,DeepMind (United Kingdom),https://openalex.org/I4210090411,Google (United States),https://openalex.org/I1291425158,General Motors (United States),https://openalex.org/I118136607,Ford Motor Company (United States),https://openalex.org/I1292974536,,,,,General Motors (United States),https://openalex.org/I118136607,General Motors (United States),https://openalex.org/I118136607,,,General Motors (United States),https://openalex.org/I118136607,Rockefeller University,https://openalex.org/I83399316,University College London,https://openalex.org/I45129253,,,,,General Motors (Poland),https://openalex.org/I4210135317,,,,,,,,,General Motors (Poland),https://openalex.org/I4210135317,,,,,,,,,,,,,,,,,,
Joseph J. Pfeiffer,A5110629518,6,Zittau/Görlitz University of Applied Sciences,https://openalex.org/I4210148079,,,,,,,Bellevue Hospital Center,https://openalex.org/I4210108985,,,,,Bellevue Hospital Center,https://openalex.org/I4210108985,Microsoft (United States),https://openalex.org/I1290206253,,,Purdue University West Lafayette,https://openalex.org/I219193219,Purdue University West Lafayette,https://openalex.org/I219193219,,,Purdue University West Lafayette,https://openalex.org/I219193219,Purdue University West Lafayette,https://openalex.org/I219193219,Purdue University West Lafayette,https://openalex.org/I219193219,Purdue University West Lafayette,https://openalex.org/I219193219,,,New Mexico State University,https://openalex.org/I10052268,,,,,New Mexico State University,https://openalex.org/I10052268,,,Motorola (United States),https://openalex.org/I1333370159,,,,,New Mexico State University,https://openalex.org/I10052268,,,,,,,,,,,,,New Mexico State University,https://openalex.org/I10052268,New Mexico State University,https://openalex.org/I10052268
Julia Haas,A5053872110,1,,,,,DeepMind (United Kingdom),https://openalex.org/I4210090411,DeepMind (United Kingdom),https://openalex.org/I4210090411,,,,,,,,,,,,,,,,,,,,,,,,,,,,,,,,,,,,,,,,,,,,,,,,,,,,,,,,,,,,,,
Jun Xie,A5101852403,8,Beijing Normal University,https://openalex.org/I25254941,Beijing Normal University,https://openalex.org/I25254941,Naval University of Engineering,https://openalex.org/I2800710378,Naval University of Engineering,https://openalex.org/I2800710378,,,,,,,Wuhan University of Technology,https://openalex.org/I196699116,Qingdao University of Science and Technology,https://openalex.org/I143413998,,,Ministry of Transport,https://openalex.org/I4210127216,,,United States Naval Academy,https://openalex.org/I189158971,Wuhan National Laboratory for Optoelectronics,https://openalex.org/I4210138186,,,,,,,,,Huazhong University of Science and Technology,https://openalex.org/I47720641,,,Huazhong University of Science and Technology,https://openalex.org/I47720641,Huazhong University of Science and Technology,https://openalex.org/I47720641,,,,,,,,,,,,,,,,,,,,,,,,,,
K.-Y. Chen,A5022123903,2,,,,,,,,,,,,,,,,,,,,,Chung Yuan Christian University,https://openalex.org/I151221077,,,,,,,National Cheng Kung University,https://openalex.org/I91807558,,,,,,,,,,,,,,,National Cheng Kung University,https://openalex.org/I91807558,,,,,,,,,,,,,,,,,,,,,,,,
Kaifeng Chen,A5114546921,3,Chinese Academy of Sciences,https://openalex.org/I19820366,Zhejiang Hisun Pharmaceutical (China),https://openalex.org/I4210127820,South China Agricultural University,https://openalex.org/I101479585,South China Agricultural University,https://openalex.org/I101479585,,,,,,,,,,,,,,,,,,,,,,,,,,,,,,,,,,,,,,,,,,,,,,,,,,,,,,,,,,,,,,
Kartikeya Badola,A5043460350,1,,,,,,,Indian Institute of Technology Delhi,https://openalex.org/I68891433,,,,,,,,,,,,,,,,,,,,,,,,,,,,,,,,,,,,,,,,,,,,,,,,,,,,,,,,,,,,,,
Keran Rong,A5026743424,1,,,Google (United States),https://openalex.org/I1291425158,,,,,,,,,,,,,,,,,,,,,,,,,,,,,,,,,,,,,,,,,,,,,,,,,,,,,,,,,,,,,,,,,,
Kevis-Kokitsi Maninis,A5038897190,4,DeepMind (United Kingdom),https://openalex.org/I4210090411,Google (United States),https://openalex.org/I1291425158,Google (United States),https://openalex.org/I1291425158,Board of the Swiss Federal Institutes of Technology,https://openalex.org/I2799323385,,,,,Board of the Swiss Federal Institutes of Technology,https://openalex.org/I2799323385,ETH Zurich,https://openalex.org/I35440088,ETH Zurich,https://openalex.org/I35440088,ETH Zurich,https://openalex.org/I35440088,,,,,,,,,,,,,,,,,,,,,,,,,,,,,,,,,,,,,,,,,,,,,,,,,,
Kuang-Huei Lee,A5030702181,1,,,,,Google (United States),https://openalex.org/I1291425158,,,,,,,,,,,,,,,,,,,,,,,,,,,,,,,,,,,,,,,,,,,,,,,,,,,,,,,,,,,,,,,,
Laurent Orseau,A5110938957,8,,,DeepMind (United Kingdom),https://openalex.org/I4210090411,DeepMind (United Kingdom),https://openalex.org/I4210090411,,,DeepMind (United Kingdom),https://openalex.org/I4210090411,DeepMind (United Kingdom),https://openalex.org/I4210090411,DeepMind (United Kingdom),https://openalex.org/I4210090411,Département Mathématiques et Informatique Appliquées,https://openalex.org/I4210102957,Australian National University,https://openalex.org/I118347636,Google (United Kingdom),https://openalex.org/I4210113297,Département Mathématiques et Informatique Appliquées,https://openalex.org/I4210102957,AgroParisTech,https://openalex.org/I22248866,Institut National de la Recherche Agronomique,https://openalex.org/I1314251682,Université Claude Bernard Lyon 1,https://openalex.org/I100532134,Université Claude Bernard Lyon 1,https://openalex.org/I100532134,Université Claude Bernard Lyon 1,https://openalex.org/I100532134,Département Mathématiques et Informatique Appliquées,https://openalex.org/I4210102957,,,Institut National des Sciences Appliquées de Lyon,https://openalex.org/I48430043,Département Mathématiques et Informatique Appliquées,https://openalex.org/I4210102957,,,,,,,,,,,,,,,,,,,,,,,,,,,,,,
Levi H. S. Lelis,A5012035228,2,,,University of Alberta,https://openalex.org/I154425047,University of Alberta,https://openalex.org/I154425047,Universidade Federal de Viçosa,https://openalex.org/I146165071,Universidade Federal de Viçosa,https://openalex.org/I146165071,Universidade Federal de Viçosa,https://openalex.org/I146165071,Universidade Federal de Viçosa,https://openalex.org/I146165071,Universidade Federal de Viçosa,https://openalex.org/I146165071,Universidade Federal de Viçosa,https://openalex.org/I146165071,Universidade Federal de Viçosa,https://openalex.org/I146165071,Universidade Federal de Viçosa,https://openalex.org/I146165071,Universidade Federal de Viçosa,https://openalex.org/I146165071,University of Alberta,https://openalex.org/I154425047,University of Alberta,https://openalex.org/I154425047,University of Alberta,https://openalex.org/I154425047,,,University of Alberta,https://openalex.org/I154425047,,,,,,,,,,,,,,,,,,,,,,,,,,,,,,,,,,,,
Luyang Liu,A5025018072,0,,,,,,,,,,,,,,,,,,,,,,,,,,,,,,,,,,,,,,,,,,,,,,,,,,,,,,,,,,,,,,,,,,,,,,
Manfred Diaz,A5025430674,2,,,,,,,,,Université de Montréal,https://openalex.org/I70931966,,,Université de Montréal,https://openalex.org/I70931966,,,Concordia University,https://openalex.org/I60158472,,,,,,,,,,,,,,,,,,,,,,,,,,,,,,,,,,,,,,,,,,,,,,,,,,,,
Marcus Hütter,A5073944062,8,Google (United States),https://openalex.org/I1291425158,DeepMind (United Kingdom),https://openalex.org/I4210090411,DeepMind (United Kingdom),https://openalex.org/I4210090411,DeepMind (United Kingdom),https://openalex.org/I4210090411,Data61,https://openalex.org/I42894916,Australian National University,https://openalex.org/I118347636,DeepMind (United Kingdom),https://openalex.org/I4210090411,Australian National University,https://openalex.org/I118347636,Australian National University,https://openalex.org/I118347636,Australian National University,https://openalex.org/I118347636,DeepMind (United Kingdom),https://openalex.org/I4210090411,Dalle Molle Institute for Artificial Intelligence Research,https://openalex.org/I2614128279,UNSW Sydney,https://openalex.org/I31746571,ETH Zurich,https://openalex.org/I35440088,ETH Zurich,https://openalex.org/I35440088,Data61,https://openalex.org/I42894916,Dalle Molle Institute for Artificial Intelligence Research,https://openalex.org/I2614128279,Data61,https://openalex.org/I42894916,Dalle Molle Institute for Artificial Intelligence Research,https://openalex.org/I2614128279,Dalle Molle Institute for Artificial Intelligence Research,https://openalex.org/I2614128279,Leiden University,https://openalex.org/I121797337,Dalle Molle Institute for Artificial Intelligence Research,https://openalex.org/I2614128279,Dalle Molle Institute for Artificial Intelligence Research,https://openalex.org/I2614128279,Dalle Molle Institute for Artificial Intelligence Research,https://openalex.org/I2614128279,Dalle Molle Institute for Artificial Intelligence Research,https://openalex.org/I2614128279,,,Dalle Molle Institute for Artificial Intelligence Research,https://openalex.org/I2614128279,,,,,,,,,,,,,,,,
Meera Hahn,A5055189318,3,Universitätsklinikum Tübingen,https://openalex.org/I4210094118,Google (United States),https://openalex.org/I1291425158,,,,,Georgia Institute of Technology,https://openalex.org/I130701444,Georgia Institute of Technology,https://openalex.org/I130701444,Georgia Institute of Technology,https://openalex.org/I130701444,Georgia Institute of Technology,https://openalex.org/I130701444,,,,,,,,,,,,,,,,,,,,,,,,,,,,,,,,,,,,,,,,,,,,,,,,,,,,,,
Meredith Ringel Morris,A5062285844,8,DeepMind (United Kingdom),https://openalex.org/I4210090411,Google (United States),https://openalex.org/I1291425158,Google (United States),https://openalex.org/I1291425158,Columbia University,https://openalex.org/I78577930,Microsoft Research (United Kingdom),https://openalex.org/I4210164937,University of Washington,https://openalex.org/I201448701,Leiden University,https://openalex.org/I121797337,Microsoft Research (United Kingdom),https://openalex.org/I4210164937,Microsoft Research (United Kingdom),https://openalex.org/I4210164937,Microsoft Research (United Kingdom),https://openalex.org/I4210164937,Microsoft (United States),https://openalex.org/I1290206253,Microsoft Research (United Kingdom),https://openalex.org/I4210164937,Microsoft (United States),https://openalex.org/I1290206253,Microsoft Research (United Kingdom),https://openalex.org/I4210164937,Microsoft Research (United Kingdom),https://openalex.org/I4210164937,University of Washington,https://openalex.org/I201448701,Microsoft Research (United Kingdom),https://openalex.org/I4210164937,,,,,Stanford University,https://openalex.org/I97018004,Stanford University,https://openalex.org/I97018004,Stanford University,https://openalex.org/I97018004,,,,,,,,,,,,,,,,,,,,,,,,,,
Mojtaba Seyedhosseini,A5053494387,2,,,Google (United States),https://openalex.org/I1291425158,Google (United States),https://openalex.org/I1291425158,,,,,,,,,,,,,University of Utah,https://openalex.org/I223532165,University of Utah,https://openalex.org/I223532165,University of Utah,https://openalex.org/I223532165,University of Utah,https://openalex.org/I223532165,,,University of Utah,https://openalex.org/I223532165,University of Utah,https://openalex.org/I223532165,,,,,,,,,,,,,,,,,,,,,,,,,,,,,,,,,,,,,,
Nithish Kannen,A5038409403,1,,,,,Indian Institute of Technology Kharagpur,https://openalex.org/I145894827,,,,,,,,,,,,,,,,,,,,,,,,,,,,,,,,,,,,,,,,,,,,,,,,,,,,,,,,,,,,,,,,
Peter Sunehag,A5046100176,7,,,,,,,DeepMind (United Kingdom),https://openalex.org/I4210090411,Google (United States),https://openalex.org/I1291425158,Google (United States),https://openalex.org/I1291425158,DeepMind (United Kingdom),https://openalex.org/I4210090411,Google (United States),https://openalex.org/I1291425158,,,,,Google (United Kingdom),https://openalex.org/I4210113297,Australian National University,https://openalex.org/I118347636,Australian National University,https://openalex.org/I118347636,Data61,https://openalex.org/I42894916,Australian National University,https://openalex.org/I118347636,Data61,https://openalex.org/I42894916,Data61,https://openalex.org/I42894916,Data61,https://openalex.org/I42894916,,,Samara National Research University,https://openalex.org/I3124489027,,,Uppsala University,https://openalex.org/I123387679,Uppsala University,https://openalex.org/I123387679,,,,,,,,,,,,,,,,,,,,,,,,
Raphaël Koster,A5082942104,8,Google (United States),https://openalex.org/I1291425158,BP (France),https://openalex.org/I4210135021,DeepMind (United Kingdom),https://openalex.org/I4210090411,DeepMind (United Kingdom),https://openalex.org/I4210090411,DeepMind (United Kingdom),https://openalex.org/I4210090411,University College London,https://openalex.org/I45129253,Wellcome Centre for Human Neuroimaging,https://openalex.org/I165524941,National Hospital for Neurology and Neurosurgery,https://openalex.org/I4210151618,Wellcome Centre for Human Neuroimaging,https://openalex.org/I165524941,University of Bremen,https://openalex.org/I180437899,Wellcome Centre for Human Neuroimaging,https://openalex.org/I165524941,,,,,Wellcome Centre for Human Neuroimaging,https://openalex.org/I165524941,,,,,Ministère de l'Économie et des Finances,https://openalex.org/I4210141421,,,,,,,,,,,,,,,,,,,,,,,,,,,,,,,,,,,,
Rich Galt,A5115087384,0,,,,,,,,,,,,,,,,,,,,,,,,,,,,,,,,,,,,,,,,,,,,,,,,,,,,,,,,,,,,,,,,,,,,,,
Rohin Shah,A5012971694,3,,,,,DeepMind (United Kingdom),https://openalex.org/I4210090411,"University of Maryland, College Park",https://openalex.org/I66946132,"University of California, Berkeley",https://openalex.org/I95457486,"University of California, Berkeley",https://openalex.org/I95457486,"University of California, Berkeley",https://openalex.org/I95457486,"University of California, Berkeley",https://openalex.org/I95457486,,,"University of California, Berkeley",https://openalex.org/I95457486,,,"University of California, Berkeley",https://openalex.org/I95457486,,,,,,,,,,,,,,,,,,,,,,,,,,,,,,,,,,,,,,,,,,,,,,
Sebastian Farquhar,A5051690066,2,,,University of Oxford,https://openalex.org/I40120149,DeepMind (United Kingdom),https://openalex.org/I4210090411,University of Oxford,https://openalex.org/I40120149,University of Oxford,https://openalex.org/I40120149,University of Oxford,https://openalex.org/I40120149,University of Oxford,https://openalex.org/I40120149,University of Oxford,https://openalex.org/I40120149,University of Oxford,https://openalex.org/I40120149,,,,,,,,,,,,,,,,,,,,,,,,,,,,,,,,,,,,,,,,,,,,,,,,,,,,
Shumeet Baluja,A5085643229,4,,,,,Google (United States),https://openalex.org/I1291425158,Google (United States),https://openalex.org/I1291425158,Google (United States),https://openalex.org/I1291425158,Google (United States),https://openalex.org/I1291425158,Carnegie Mellon University,https://openalex.org/I74973139,Google (United States),https://openalex.org/I1291425158,Google (United States),https://openalex.org/I1291425158,Google (United States),https://openalex.org/I1291425158,Google (United States),https://openalex.org/I1291425158,,,Google (United States),https://openalex.org/I1291425158,,,,,,,,,,,,,Carnegie Mellon University,https://openalex.org/I74973139,Carnegie Mellon University,https://openalex.org/I74973139,,,University of Virginia,https://openalex.org/I51556381,Carnegie Mellon University,https://openalex.org/I74973139,,,Carnegie Mellon University,https://openalex.org/I74973139,Carnegie Mellon University,https://openalex.org/I74973139,Carnegie Mellon University,https://openalex.org/I74973139,Carnegie Mellon University,https://openalex.org/I74973139,Carnegie Mellon University,https://openalex.org/I74973139,Carnegie Mellon University,https://openalex.org/I74973139,,,Oak Ridge National Laboratory,https://openalex.org/I1289243028,,,,
Simon Osindero,A5052435039,8,,,Google (United Kingdom),https://openalex.org/I4210113297,,,,,Google (United States),https://openalex.org/I1291425158,Google (United States),https://openalex.org/I1291425158,Google (United States),https://openalex.org/I1291425158,Google (United States),https://openalex.org/I1291425158,Yahoo (United Kingdom),https://openalex.org/I1325784139,Yahoo (Spain),https://openalex.org/I2800095910,Yahoo (United States),https://openalex.org/I4210134091,,,,,,,,,,,,,,,University of Toronto,https://openalex.org/I185261750,University of Toronto,https://openalex.org/I185261750,University of Toronto,https://openalex.org/I185261750,University of Toronto,https://openalex.org/I185261750,,,Gatsby Charitable Foundation,https://openalex.org/I2800691815,,,University College London,https://openalex.org/I45129253,,,,,,,,,,,,,,,,,,
Soham Ghosh,A5017450507,7,Black & Veatch (United Kingdom),https://openalex.org/I4210154899,SRM Institute of Science and Technology,https://openalex.org/I145286018,Jadavpur University,https://openalex.org/I170979836,University of Kansas,https://openalex.org/I146416000,Arizona State University,https://openalex.org/I55732556,,,University of Engineering & Management,https://openalex.org/I1296725772,,,Nanyang Technological University,https://openalex.org/I172675005,Nanyang Technological University,https://openalex.org/I172675005,,,Nanyang Technological University,https://openalex.org/I172675005,,,,,,,,,,,,,,,,,,,,,,,,,,,,,,,,,,,,,,,,,,,,,,
Stanley Bileschi,A5089687759,3,,,,,,,,,,,,,,,,,,,,,,,,,,,,,,,,,Massachusetts Institute of Technology,https://openalex.org/I63966007,Massachusetts Institute of Technology,https://openalex.org/I63966007,McGovern Institute for Brain Research,https://openalex.org/I144112489,McGovern Institute for Brain Research,https://openalex.org/I144112489,McGovern Institute for Brain Research,https://openalex.org/I144112489,Massachusetts Institute of Technology,https://openalex.org/I63966007,,,Computational Physics (United States),https://openalex.org/I4210138427,,,,,,,,,,,,,,,,,,,,,,
Vikrant Varma,A5052084048,0,,,,,,,,,,,,,,,,,,,,,,,,,,,,,,,,,,,,,,,,,,,,,,,,,,,,,,,,,,,,,,,,,,,,,,
Wen-Jun Zeng,A5101739843,9,"Eastern Institute of Technology, Ningbo",https://openalex.org/I4394709157,Southwest Jiaotong University,https://openalex.org/I4800084,Eastern Institute of Technology,https://openalex.org/I127108677,,,,,,,Technical University of Darmstadt,https://openalex.org/I31512782,,,Technical University of Darmstadt,https://openalex.org/I31512782,Microsoft Research Asia (China),https://openalex.org/I4210113369,City University of Hong Kong,https://openalex.org/I168719708,University of Missouri,https://openalex.org/I76835614,City University of Hong Kong,https://openalex.org/I168719708,City University of Hong Kong,https://openalex.org/I168719708,Xiamen University of Technology,https://openalex.org/I75867142,Xiamen University,https://openalex.org/I191208505,,,,,,,,,,,,,,,,,,,,,,,,,,,,,,,,,,,,,,
William A. Cunningham,A5033381741,10,Institute for Technology & Society,https://openalex.org/I4210134293,Vector Institute,https://openalex.org/I4210127509,Schwartz/Reisman Emergency Medicine Institute,https://openalex.org/I4210149858,University of Toronto,https://openalex.org/I185261750,University of Toronto,https://openalex.org/I185261750,University of Southampton,https://openalex.org/I43439940,University of Toronto,https://openalex.org/I185261750,University of Toronto,https://openalex.org/I185261750,The Ohio State University,https://openalex.org/I52357470,Boston University Academy,https://openalex.org/I4210114918,The Ohio State University,https://openalex.org/I52357470,University of Memphis,https://openalex.org/I94658018,The Ohio State University,https://openalex.org/I52357470,The Ohio State University,https://openalex.org/I52357470,The Ohio State University,https://openalex.org/I52357470,The Ohio State University,https://openalex.org/I52357470,The Ohio State University,https://openalex.org/I52357470,The Ohio State University,https://openalex.org/I52357470,The Ohio State University,https://openalex.org/I52357470,,,,,,,,,,,,,,,Wright-Patterson Air Force Base,https://openalex.org/I2799950915,,,U.S. Air Force Institute of Technology,https://openalex.org/I55061410,Wright-Patterson Air Force Base,https://openalex.org/I2799950915,,,,,,,,,,
William Isaac,A5048272174,4,Google (United Kingdom),https://openalex.org/I4210113297,DeepMind (United Kingdom),https://openalex.org/I4210090411,DeepMind (United Kingdom),https://openalex.org/I4210090411,DeepMind (United Kingdom),https://openalex.org/I4210090411,,,Michigan State University,https://openalex.org/I87216513,DeepMind (United Kingdom),https://openalex.org/I4210090411,,,Michigan State University,https://openalex.org/I87216513,Aligarh Muslim University,https://openalex.org/I171210897,,,,,,,,,Michigan State University,https://openalex.org/I87216513,,,,,,,,,,,,,,,,,,,,,,,,,,,,,,,,,,,,,,,,
Xiao Song,A5101799802,5,Changchun University of Science and Technology,https://openalex.org/I106645853,Zhengzhou Business University,https://openalex.org/I4210155994,Xiamen University,https://openalex.org/I191208505,,,,,Xiamen University,https://openalex.org/I191208505,Nanyang Normal University,https://openalex.org/I4210110718,,,,,,,,,,,Nanyang Normal University,https://openalex.org/I4210110718,,,Xiamen University of Technology,https://openalex.org/I75867142,,,,,,,,,,,,,,,,,,,,,,,,,,,,,,,,,,,,,,,,
Xiao Wang,A5112719601,7,Nanjing Agricultural University,https://openalex.org/I119454577,BGI Research,https://openalex.org/I4387153646,Anhui University,https://openalex.org/I143868143,PLA Information Engineering University,https://openalex.org/I169689159,Qilu University of Technology,https://openalex.org/I152269853,Anhui University,https://openalex.org/I143868143,Wuhan University of Technology,https://openalex.org/I196699116,Wuhan University of Technology,https://openalex.org/I196699116,Wuhan University,https://openalex.org/I37461747,,,,,,,,,,,,,,,,,,,Wuhan University,https://openalex.org/I37461747,,,,,,,,,,,,,,,,,,,,,,,,,,,,,,,,
Xiaohua Zhai,A5071668416,10,,,Google (United Kingdom),https://openalex.org/I4210113297,Google (Switzerland),https://openalex.org/I4210100430,Google (Switzerland),https://openalex.org/I4210100430,Brain (Germany),https://openalex.org/I4210113520,Mianyang City Center for Disease Control and Prevention,https://openalex.org/I4210112116,College of Tourism,https://openalex.org/I4210102207,Google (United States),https://openalex.org/I1291425158,,,,,Peking University,https://openalex.org/I20231570,,,University of Computer Studies Yangon,https://openalex.org/I80293557,Peking University,https://openalex.org/I20231570,,,Xi'an Aeronautical University,https://openalex.org/I4210133467,,,,,,,Hunan University,https://openalex.org/I16609230,,,,,,,,,,,,,,,,,,,,,,,,,,,,,,
Xinyun Chen,A5101977007,8,Chengdu University of Traditional Chinese Medicine,https://openalex.org/I53411278,State Forestry and Grassland Administration,https://openalex.org/I4210134523,Beijing Information Science & Technology University,https://openalex.org/I78675632,"Chinese University of Hong Kong, Shenzhen",https://openalex.org/I4210116924,"Chinese University of Hong Kong, Shenzhen",https://openalex.org/I4210116924,Chongqing University of Posts and Telecommunications,https://openalex.org/I10535382,"Chinese University of Hong Kong, Shenzhen",https://openalex.org/I4210116924,Wuhan University,https://openalex.org/I37461747,State Forestry and Grassland Administration,https://openalex.org/I4210134523,,,,,,,,,Xi'an Polytechnic University,https://openalex.org/I27599042,Aviation Industry Corporation of China (China),https://openalex.org/I11838497,,,,,,,,,,,,,,,,,,,,,,,,,,,,,,,,,,,,,,,,
Ye Xia,A5036985837,4,Beijing Institute of Petrochemical Technology,https://openalex.org/I130541836,ShangHai JiAi Genetics & IVF Institute,https://openalex.org/I4210122302,Jiangsu Academy of Agricultural Sciences,https://openalex.org/I4210087107,Tongji University,https://openalex.org/I116953780,ShangHai JiAi Genetics & IVF Institute,https://openalex.org/I4210122302,Tongji University,https://openalex.org/I116953780,Tongji University,https://openalex.org/I116953780,Tongji University,https://openalex.org/I116953780,Tongji University,https://openalex.org/I116953780,Tongji University,https://openalex.org/I116953780,,,,,,,,,,,,,,,,,,,,,,,,,,,,,,,,,,,,,,,,,,,,,,,,,,
Yingju Wu,A5051852804,10,,,Yanshan University,https://openalex.org/I39333907,Yanshan University,https://openalex.org/I39333907,Yanshan University,https://openalex.org/I39333907,State Key Laboratory of Metastable Materials Science and Technology,https://openalex.org/I4391767811,State Key Laboratory of Metastable Materials Science and Technology,https://openalex.org/I4391767811,Yanshan University,https://openalex.org/I39333907,Yanshan University,https://openalex.org/I39333907,Yanshan University,https://openalex.org/I39333907,,,International Society for Optics and Photonics,https://openalex.org/I145996665,,,Wuhan University,https://openalex.org/I37461747,,,University of Bath,https://openalex.org/I51601045,,,,,,,Chung Yuan Christian University,https://openalex.org/I151221077,,,Institute of Materials Research and Engineering,https://openalex.org/I4210123095,Max Planck Institute for Polymer Research,https://openalex.org/I4210095245,National University of Singapore,https://openalex.org/I165932596,University of Missouri–Kansas City,https://openalex.org/I75421653,University of Missouri–Kansas City,https://openalex.org/I75421653,,,,,,,,,,,,,,,,,,,,
Zhe Li,A5100356635,3,Huazhong University of Science and Technology,https://openalex.org/I47720641,Harbin University,https://openalex.org/I1308199089,Hong Kong Polytechnic University,https://openalex.org/I14243506,Hong Kong Polytechnic University,https://openalex.org/I14243506,Hong Kong Polytechnic University,https://openalex.org/I14243506,,,Hong Kong Polytechnic University,https://openalex.org/I14243506,Hong Kong Polytechnic University,https://openalex.org/I14243506,,,,,,,,,,,,,,,,,,,,,,,,,,,,,,,,,,,,,,,,,,,,,,,,,,,,,,
Zi Wang,A5101505122,3,University of Pennsylvania,https://openalex.org/I79576946,Yangzhou University,https://openalex.org/I78978612,Jiaxing University,https://openalex.org/I4210092870,,,,,,,,,,,,,,,,,,,,,,,,,,,,,,,,,,,,,,,,,,,,,,,,,,,,,,,,,,,,,,,,
