Author,OA_ID,unique_affiliation_count,affiliation-2025,ID-2025,affiliation-2024,ID-2024,affiliation-2023,ID-2023,affiliation-2022,ID-2022,affiliation-2021,ID-2021,affiliation-2020,ID-2020,affiliation-2019,ID-2019,affiliation-2018,ID-2018,affiliation-2017,ID-2017,affiliation-2016,ID-2016,affiliation-2015,ID-2015,affiliation-2014,ID-2014,affiliation-2013,ID-2013,affiliation-2012,ID-2012,affiliation-2011,ID-2011,affiliation-2010,ID-2010,affiliation-2009,ID-2009,affiliation-2008,ID-2008,affiliation-2007,ID-2007,affiliation-2006,ID-2006,affiliation-2005,ID-2005,affiliation-2004,ID-2004,affiliation-2003,ID-2003,affiliation-2002,ID-2002,affiliation-2001,ID-2001,affiliation-2000,ID-2000,affiliation-1999,ID-1999,affiliation-1997,ID-1997,affiliation-1995,ID-1995,affiliation-1994,ID-1994,affiliation-1993,ID-1993,affiliation-1992,ID-1992,affiliation-1991,ID-1991,affiliation-1990,ID-1990,affiliation-1989,ID-1989,affiliation-1988,ID-1988,affiliation-1987,ID-1987,affiliation-1986,ID-1986,affiliation-1985,ID-1985,affiliation-1984,ID-1984,affiliation-1983,ID-1983,affiliation-1982,ID-1982,affiliation-1981,ID-1981,affiliation-1978,ID-1978,affiliation-1977,ID-1977,affiliation-1975,ID-1975,affiliation-1974,ID-1974,affiliation-1973,ID-1973,affiliation-1972,ID-1972,affiliation-1971,ID-1971,affiliation-1970,ID-1970,affiliation-1969,ID-1969,affiliation-1968,ID-1968,affiliation-1967,ID-1967,affiliation-1966,ID-1966,affiliation-1965,ID-1965,affiliation-1964,ID-1964,affiliation-1904,ID-1904
A K Rathi,A5113184302,1,,,,,,,,,,,,,,,,,,,,,,,,,Oak Ridge National Laboratory,https://openalex.org/I1289243028,,,,,,,,,,,,,,,Oak Ridge National Laboratory,https://openalex.org/I1289243028,,,,,,,,,,,,,Oak Ridge National Laboratory,https://openalex.org/I1289243028,Oak Ridge National Laboratory,https://openalex.org/I1289243028,Oak Ridge National Laboratory,https://openalex.org/I1289243028,,,,,,,,,,,,,,,,,,,,,,,,,,,,,,,,,,,,,,,,,,,,,,,,,,,,,,,,
A. Callahan,A5031192921,5,,,Temple University,https://openalex.org/I84392919,,,,,,,,,,,,,,,,,,,,,,,,,,,,,,,,,,,,,RTX (United States),https://openalex.org/I1306686416,,,,,,,Rochester Institute of Technology,https://openalex.org/I155173764,,,,,,,,,,,,,,,,,,,,,,,,,,,,,,,RTX (United States),https://openalex.org/I1306686416,,,RTX (United States),https://openalex.org/I1306686416,,,,,,,RTX (United States),https://openalex.org/I1306686416,,,,,Johns Hopkins University,https://openalex.org/I145311948,,,Johns Hopkins University,https://openalex.org/I145311948,Johns Hopkins University,https://openalex.org/I145311948,Johns Hopkins University,https://openalex.org/I145311948,University of Wisconsin–Madison,https://openalex.org/I135310074,University of Wisconsin–Madison,https://openalex.org/I135310074,University of Wisconsin–Madison,https://openalex.org/I135310074,,
Adam S. Jermyn,A5043387043,5,,,Flatiron Institute,https://openalex.org/I4387153999,"University of California, Santa Barbara",https://openalex.org/I154570441,University of Cambridge,https://openalex.org/I241749,Flatiron Institute,https://openalex.org/I4387153999,Institute of Astronomy,https://openalex.org/I4210121240,Valparaiso University,https://openalex.org/I149744451,University of Cambridge,https://openalex.org/I241749,University of Cambridge,https://openalex.org/I241749,University of Cambridge,https://openalex.org/I241749,,,,,,,,,,,,,,,,,,,,,,,,,,,,,,,,,,,,,,,,,,,,,,,,,,,,,,,,,,,,,,,,,,,,,,,,,,,,,,,,,,,,,,,,,,,,,,,,
Akbir Khan,A5084386381,1,,,,,,,,,,,,,University of Cambridge,https://openalex.org/I241749,,,,,,,,,,,,,,,,,,,,,,,,,,,,,,,,,,,,,,,,,,,,,,,,,,,,,,,,,,,,,,,,,,,,,,,,,,,,,,,,,,,,,,,,,,,,,,,,,,,,,,
Alex Tamkin,A5081558429,2,Stanford University,https://openalex.org/I97018004,,,Stanford University,https://openalex.org/I97018004,North Carolina State University,https://openalex.org/I137902535,Stanford University,https://openalex.org/I97018004,Stanford University,https://openalex.org/I97018004,Stanford University,https://openalex.org/I97018004,,,,,,,,,,,,,,,,,,,,,,,,,,,,,,,,,,,,,,,,,,,,,,,,,,,,,,,,,,,,,,,,,,,,,,,,,,,,,,,,,,,,,,,,,,,,,,,,,,,,,,
Alfred Mountfield,A5115560627,0,,,,,,,,,,,,,,,,,,,,,,,,,,,,,,,,,,,,,,,,,,,,,,,,,,,,,,,,,,,,,,,,,,,,,,,,,,,,,,,,,,,,,,,,,,,,,,,,,,,,,,,,,,,,,,,,,,,,
Amanda Askell,A5030305998,2,,,New York University,https://openalex.org/I57206974,,,University of Minnesota System,https://openalex.org/I2800403580,,,,,,,,,,,,,,,,,,,,,,,,,,,,,,,,,,,,,,,,,,,,,,,,,,,,,,,,,,,,,,,,,,,,,,,,,,,,,,,,,,,,,,,,,,,,,,,,,,,,,,,,,,,,
Amirhossein Tajdini,A5034337006,3,,,,,"University of California, Santa Barbara",https://openalex.org/I154570441,"University of California, Santa Barbara",https://openalex.org/I154570441,Institute for Advanced Study,https://openalex.org/I40036882,Cornell University,https://openalex.org/I205783295,Cornell University,https://openalex.org/I205783295,Cornell University,https://openalex.org/I205783295,Cornell University,https://openalex.org/I205783295,,,,,,,,,,,,,,,,,,,,,,,,,,,,,,,,,,,,,,,,,,,,,,,,,,,,,,,,,,,,,,,,,,,,,,,,,,,,,,,,,,,,,,,,,,,,,,,,,,
Anna Chen,A5056436767,4,Broad Institute,https://openalex.org/I107606265,Comprehensive Cancer Center Vienna,https://openalex.org/I4210092129,Ocean University of China,https://openalex.org/I59028903,Central China Normal University,https://openalex.org/I40963666,Central China Normal University,https://openalex.org/I40963666,,,,,,,,,,,,,,,,,,,,,,,,,,,,,,,,,,,,,,,,,,,,,,,,,,,,,,,,,,,,,,,,,,,,,,,,,,,,,,,,,,,,,,,,,,,,,,,,,,,,,,,,,,
Anna Goldie,A5088885573,3,,,Stanford University,https://openalex.org/I97018004,,,Google (United States),https://openalex.org/I1291425158,Google (United States),https://openalex.org/I1291425158,Google (United States),https://openalex.org/I1291425158,Google (United States),https://openalex.org/I1291425158,Google (United States),https://openalex.org/I1291425158,Google (United States),https://openalex.org/I1291425158,,,,,,,,,,,,,,,Google (United States),https://openalex.org/I1291425158,,,,,,,,,Transnational Press London,https://openalex.org/I4392021135,,,,,,,,,,,,,,,,,,,,,,,,,,,,,,,,,,,,,,,,,,,,,,,,,,,,,,,,,,,,,,,,,,,,,,,,
Ansh Radhakrishnan,A5104228508,0,,,,,,,,,,,,,,,,,,,,,,,,,,,,,,,,,,,,,,,,,,,,,,,,,,,,,,,,,,,,,,,,,,,,,,,,,,,,,,,,,,,,,,,,,,,,,,,,,,,,,,,,,,,,,,,,,,,,
Anton Bakhtin,A5024680544,5,,,,,,,,,Meta (Israel),https://openalex.org/I2252078561,Moscow State University,https://openalex.org/I4210150146,Meta (Israel),https://openalex.org/I2252078561,,,Google (United States),https://openalex.org/I1291425158,Google (United States),https://openalex.org/I1291425158,,,,,Yandex (Russia),https://openalex.org/I58957048,,,,,Moscow State University of Fine Chemical Technologies,https://openalex.org/I208875869,,,,,,,,,,,,,,,,,,,,,,,,,,,,,,,,,,,,,,,,,,,,,,,,,,,,,,,,,,,,,,,,,,,,,,,,,,,,,,,,,,,,
Avital Balwit,A5093123090,0,,,,,,,,,,,,,,,,,,,,,,,,,,,,,,,,,,,,,,,,,,,,,,,,,,,,,,,,,,,,,,,,,,,,,,,,,,,,,,,,,,,,,,,,,,,,,,,,,,,,,,,,,,,,,,,,,,,,
Azalia Mirhoseini,A5070731184,4,,,Stanford University,https://openalex.org/I97018004,,,Google (United States),https://openalex.org/I1291425158,Google (United States),https://openalex.org/I1291425158,Google (United States),https://openalex.org/I1291425158,Google (United States),https://openalex.org/I1291425158,Google (United States),https://openalex.org/I1291425158,Rice University,https://openalex.org/I74775410,"Hunan University of Humanities, Science and Technology",https://openalex.org/I257545875,Rice University,https://openalex.org/I74775410,,,Rice University,https://openalex.org/I74775410,Rice University,https://openalex.org/I74775410,Rice University,https://openalex.org/I74775410,Rice University,https://openalex.org/I74775410,,,,,,,,,,,,,,,,,,,,,,,,,,,,,,,,,,,,,,,,,,,,,,,,,,,,,,,,,,,,,,,,,,,,,,,,,,,,,,,,,,,,
B. T. McLean,A5113030770,0,,,,,,,,,,,,,,,,,,,,,,,,,,,,,,,,,,,,,,,,,,,,,,,,,,,,,,,,,,,,,,,,,,,,,,,,,,,,,,,,,,,,,,,,,,,,,,,,,,,,,,,,,,,,,,,,,,,,
Benjamin Fletcher Wright,A5017222164,1,,,,,,,,,,,,,,,,,,,,,,,,,,,,,,,,,,,,,,,,,,,,,,,,,,,,,,,,,,,,,,,,,,,,,,,,,,,,,,,,,,,,,,,,,,,,,,,,,,,,,,,,,,,,,,,,,,,Priory Hospital Chelmsford,https://openalex.org/I4210117817
Benoit Steiner,A5028992619,5,,,,,Alpha Omega Alpha Medical Honor Society,https://openalex.org/I3197470489,,,Meta (Israel),https://openalex.org/I2252078561,Meta (Israel),https://openalex.org/I2252078561,NTT (Japan),https://openalex.org/I2251713219,Microsoft Research Montréal (Canada),https://openalex.org/I4402554038,Google (United States),https://openalex.org/I1291425158,Google (United States),https://openalex.org/I1291425158,,,,,,,,,,,,,,,,,,,,,,,,,,,,,,,,,,,,,,,,,,,,,,,,,,,,,,,,,,,,,,,,,,,,,,,,,,,,,,,,,,,,,,,,,,,,,,,,
Brian Clarke,A5075321113,1,,,,,,,,,,,,,,,,,,,,,,,,,,,Joyson Safety Systems (United States),https://openalex.org/I4210105244,Joyson Safety Systems (United States),https://openalex.org/I4210105244,,,,,,,,,,,,,,,,,,,,,,,,,,,,,,,,,,,,,,,,,,,,,,,,,,,,,,,,,,,,,,,,,,,,,,,,,,,,,,,,,,,,,,
Buck Shlegeris,A5050408969,0,,,,,,,,,,,,,,,,,,,,,,,,,,,,,,,,,,,,,,,,,,,,,,,,,,,,,,,,,,,,,,,,,,,,,,,,,,,,,,,,,,,,,,,,,,,,,,,,,,,,,,,,,,,,,,,,,,,,
Carol Chen,A5019382510,0,,,,,,,,,,,,,,,,,,,,,,,,,,,,,,,,,,,,,,,,,,,,,,,,,,,,,,,,,,,,,,,,,,,,,,,,,,,,,,,,,,,,,,,,,,,,,,,,,,,,,,,,,,,,,,,,,,,,
Carson Denison,A5079864698,0,,,,,,,,,,,,,,,,,,,,,,,,,,,,,,,,,,,,,,,,,,,,,,,,,,,,,,,,,,,,,,,,,,,,,,,,,,,,,,,,,,,,,,,,,,,,,,,,,,,,,,,,,,,,,,,,,,,,
Cassie Evraets,A5093123089,0,,,,,,,,,,,,,,,,,,,,,,,,,,,,,,,,,,,,,,,,,,,,,,,,,,,,,,,,,,,,,,,,,,,,,,,,,,,,,,,,,,,,,,,,,,,,,,,,,,,,,,,,,,,,,,,,,,,,
Catherine Olsson,A5108225540,7,,,,,New York University,https://openalex.org/I57206974,Murdoch Children's Research Institute,https://openalex.org/I4210150290,AnthroTronix (United States),https://openalex.org/I4210115175,,,,,New York University,https://openalex.org/I57206974,,,,,Massachusetts Institute of Technology,https://openalex.org/I63966007,,,,,Novita,https://openalex.org/I4210119946,Novita,https://openalex.org/I4210119946,Novita,https://openalex.org/I4210119946,,,Novita,https://openalex.org/I4210119946,,,Helsingborgs lasarett,https://openalex.org/I4210132623,,,Lund University,https://openalex.org/I187531555,,,,,,,,,,,,,,,,,,,,,,,,,,,,,,,,,,,,,,,,,,,,,,,,,,,,,,,,,,,,,,,,,,,,,,,,
Cem Anil,A5113854698,2,,,,,,,University of Toronto,https://openalex.org/I185261750,University of Toronto,https://openalex.org/I185261750,,,Nvidia (United Kingdom),https://openalex.org/I1304085615,University of Toronto,https://openalex.org/I185261750,,,,,,,,,,,,,,,,,,,,,,,,,,,,,,,,,,,,,,,,,,,,,,,,,,,,,,,,,,,,,,,,,,,,,,,,,,,,,,,,,,,,,,,,,,,,,,,,,,,,
Da Yan,A5044218586,6,Tsinghua University,https://openalex.org/I99065089,Zhengzhou University,https://openalex.org/I38877650,Xinyang College of Agriculture and Forestry,https://openalex.org/I38756568,Binzhou University,https://openalex.org/I151013683,Binzhou Medical University,https://openalex.org/I134841294,Tsinghua University,https://openalex.org/I99065089,Tsinghua University,https://openalex.org/I99065089,Tsinghua University,https://openalex.org/I99065089,University of Alabama at Birmingham,https://openalex.org/I32389192,Tsinghua University,https://openalex.org/I99065089,,,,,,,,,,,,,,,,,,,,,,,,,,,,,,,,,,,,,,,,,,,,,,,,,,,,,,,,,,,,,,,,,,,,,,,,,,,,,,,,,,,,,,,,,,,,,,,,
Daniel M. Ziegler,A5109551394,3,,,,,Fraunhofer Institute for Industrial Engineering,https://openalex.org/I3020504353,American Jewish Committee,https://openalex.org/I1325517477,University of Sheffield,https://openalex.org/I91136226,,,,,,,,,,,,,,,,,,,,,,,,,,,,,,,,,,,,,,,,,,,,,,,,,,,,,,,,,,,,,,,,,,,,,,,,,,,,,,,,,,,,,,,,,,,,,,,,,,,,,,,,,,
Danny Hernandez,A5030442997,1,,,,,,,,,,,OpenAI (United States),https://openalex.org/I4210161460,,,,,,,,,,,,,,,,,,,,,,,,,,,,,,,,,,,,,,,,,,,,,,,,,,,,,,,,,,,,,,,,,,,,,,,,,,,,,,,,,,,,,,,,,,,,,,,,,,,,,,,,
David Duvenaud,A5030409494,8,,,,,,,,,University of Toronto,https://openalex.org/I185261750,University of Toronto,https://openalex.org/I185261750,Vector Institute,https://openalex.org/I4210127509,University of New Brunswick,https://openalex.org/I106938459,University of Toronto,https://openalex.org/I185261750,Harvard University,https://openalex.org/I136199984,Harvard University Press,https://openalex.org/I2801851002,Bridge University,https://openalex.org/I4210096386,University of Cambridge,https://openalex.org/I241749,University of Cambridge,https://openalex.org/I241749,University of British Columbia,https://openalex.org/I141945490,University of British Columbia,https://openalex.org/I141945490,,,University of British Columbia,https://openalex.org/I141945490,,,,,,,,,,,,,,,,,,,,,,,,,,,,,,,,,,,,,,,,,,,,,,,,,,,,,,,,,,,,,,,,,,,,,,,,,,,,,,,,
Deep Ganguli,A5006294201,2,,,,,,,,,,,,,,,,,,,,,,,Courant Institute of Mathematical Sciences,https://openalex.org/I36672615,,,,,,,New York University,https://openalex.org/I57206974,,,,,,,,,,,,,,,,,,,,,,,,,,,,,,,,,,,,,,,,,,,,,,,,,,,,,,,,,,,,,,,,,,,,,,,,,,,,,,,,,,,,
Dustin Li,A5077427160,0,,,,,,,,,,,,,,,,,,,,,,,,,,,,,,,,,,,,,,,,,,,,,,,,,,,,,,,,,,,,,,,,,,,,,,,,,,,,,,,,,,,,,,,,,,,,,,,,,,,,,,,,,,,,,,,,,,,,
Eli Tran-Johnson,A5072334146,0,,,,,,,,,,,,,,,,,,,,,,,,,,,,,,,,,,,,,,,,,,,,,,,,,,,,,,,,,,,,,,,,,,,,,,,,,,,,,,,,,,,,,,,,,,,,,,,,,,,,,,,,,,,,,,,,,,,,
Esin Durmus,A5001994692,3,,,Stanford University,https://openalex.org/I97018004,Stanford University,https://openalex.org/I97018004,Stanford University,https://openalex.org/I97018004,Cornell University,https://openalex.org/I205783295,George Washington University,https://openalex.org/I193531525,Cornell University,https://openalex.org/I205783295,Cornell University,https://openalex.org/I205783295,,,,,,,,,,,,,,,,,,,,,,,,,,,,,,,,,,,,,,,,,,,,,,,,,,,,,,,,,,,,,,,,,,,,,,,,,,,,,,,,,,,,,,,,,,,,,,,,,,,,
Ethan Perez,A5091112967,6,,,,,University of the Pacific,https://openalex.org/I119942576,University of Notre Dame,https://openalex.org/I107639228,New York University,https://openalex.org/I57206974,Meta (Israel),https://openalex.org/I2252078561,Meta (Israel),https://openalex.org/I2252078561,Centre Universitaire de Mila,https://openalex.org/I4210155582,Rice University,https://openalex.org/I74775410,,,,,,,,,,,,,,,,,,,,,,,,,,,,,,,,,,,,,,,,,,,,,,,,,,,,,,,,,,,,,,,,,,,,,,,,,,,,,,,,,,,,,,,,,,,,,,,,,,
Evan Hubinger,A5025461840,0,,,,,,,,,,,,,,,,,,,,,,,,,,,,,,,,,,,,,,,,,,,,,,,,,,,,,,,,,,,,,,,,,,,,,,,,,,,,,,,,,,,,,,,,,,,,,,,,,,,,,,,,,,,,,,,,,,,,
Evan Miller,A5038728659,0,,,,,,,,,,,,,,,,,,,,,,,,,,,,,,,,,,,,,,,,,,,,,,,,,,,,,,,,,,,,,,,,,,,,,,,,,,,,,,,,,,,,,,,,,,,,,,,,,,,,,,,,,,,,,,,,,,,,
Fabien Roger,A5028042353,0,,,,,,,,,,,,,,,,,,,,,,,,,,,,,,,,,,,,,,,,,,,,,,,,,,,,,,,,,,,,,,,,,,,,,,,,,,,,,,,,,,,,,,,,,,,,,,,,,,,,,,,,,,,,,,,,,,,,
Fazl Barez,A5050436152,2,University of Oxford,https://openalex.org/I40120149,,,Centre de Robotique,https://openalex.org/I4403386650,,,,,,,,,,,,,,,,,,,,,,,,,,,,,,,,,,,,,,,,,,,,,,,,,,,,,,,,,,,,,,,,,,,,,,,,,,,,,,,,,,,,,,,,,,,,,,,,,,,,,,,,,,,,,,
Holden Karnofsky,A5093713874,0,,,,,,,,,,,,,,,,,,,,,,,,,,,,,,,,,,,,,,,,,,,,,,,,,,,,,,,,,,,,,,,,,,,,,,,,,,,,,,,,,,,,,,,,,,,,,,,,,,,,,,,,,,,,,,,,,,,,
Jack A. Clark,A5012713248,6,University of Arizona,https://openalex.org/I138006243,Boston University,https://openalex.org/I111088046,University of Arizona,https://openalex.org/I138006243,Edith Nourse Rogers Memorial Veterans Hospital,https://openalex.org/I2800300635,University of Antwerp,https://openalex.org/I149213910,Boston University,https://openalex.org/I111088046,Boston University,https://openalex.org/I111088046,Bedford VA Research Corporation,https://openalex.org/I4210090056,Massachusetts General Hospital,https://openalex.org/I4210087915,Edith Nourse Rogers Memorial Veterans Hospital,https://openalex.org/I2800300635,Edith Nourse Rogers Memorial Veterans Hospital,https://openalex.org/I2800300635,Edith Nourse Rogers Memorial Veterans Hospital,https://openalex.org/I2800300635,Edith Nourse Rogers Memorial Veterans Hospital,https://openalex.org/I2800300635,Bedford VA Research Corporation,https://openalex.org/I4210090056,Massachusetts General Hospital,https://openalex.org/I4210087915,Edith Nourse Rogers Memorial Veterans Hospital,https://openalex.org/I2800300635,Massachusetts General Hospital,https://openalex.org/I4210087915,Edith Nourse Rogers Memorial Veterans Hospital,https://openalex.org/I2800300635,Massachusetts General Hospital,https://openalex.org/I4210087915,Massachusetts General Hospital,https://openalex.org/I4210087915,,,Massachusetts General Hospital,https://openalex.org/I4210087915,Massachusetts General Hospital,https://openalex.org/I4210087915,Bedford VA Research Corporation,https://openalex.org/I4210090056,Massachusetts General Hospital,https://openalex.org/I4210087915,,,,,,,,,,,,,,,,,,,,,,,,,,,,,,,,,,,,,,,,,,,,,,,,,,,,,,,,,,,,,,,,,,
Jack Chen,A5113648568,1,,,,,,,,,,,,,,,,,,,,,,,,,,,,,,,,,,,,,,,,,,,,,,,,,,,Royal North Shore Hospital,https://openalex.org/I2800079252,,,,,,,,,,,,,,,,,,,,,,,,,,,,,,,,,,,,,,,,,,,,,,,,,,,,,,,,,,,,,,,,
Jack Clark,A5031107879,1,,,,,,,University of Minnesota System,https://openalex.org/I2800403580,,,,,,,,,,,,,,,,,,,,,,,,,,,,,,,,,,,,,,,,,,,,,,,,,,,,,,,,,,,,,,,,,,,,,,,,,,,,,,,,,,,,,,,,,,,,,,,,,,,,,,,,,,,,
Jack Clark,A5067800460,0,,,,,,,,,,,,,,,,,,,,,,,,,,,,,,,,,,,,,,,,,,,,,,,,,,,,,,,,,,,,,,,,,,,,,,,,,,,,,,,,,,,,,,,,,,,,,,,,,,,,,,,,,,,,,,,,,,,,
Jackson Kernion,A5057116059,0,,,,,,,,,,,,,,,,,,,,,,,,,,,,,,,,,,,,,,,,,,,,,,,,,,,,,,,,,,,,,,,,,,,,,,,,,,,,,,,,,,,,,,,,,,,,,,,,,,,,,,,,,,,,,,,,,,,,
Jamie Kerr,A5081035645,3,,,,,University of Guelph,https://openalex.org/I79817857,,,,,,,,,,,,,University of Aberdeen,https://openalex.org/I195460627,University of Aberdeen,https://openalex.org/I195460627,,,,,,,,,,,,,Catholic Family Center,https://openalex.org/I4210099742,,,,,,,,,,,,,,,,,,,,,,,,,,,,,,,,,,,,,,,,,,,,,,,,,,,,,,,,,,,,,,,,,,,,,,,,,,,,,,,,
Jan Brauner,A5030437398,9,University of Oxford,https://openalex.org/I40120149,RAND Corporation,https://openalex.org/I1309849503,Mila - Quebec Artificial Intelligence Institute,https://openalex.org/I4210164802,Gemeinschaftskrankenhaus Herdecke,https://openalex.org/I4210146035,Witten/Herdecke University,https://openalex.org/I155976169,Oxford Research Group,https://openalex.org/I2802123492,,,Medical Mission Institute,https://openalex.org/I4210106937,Friedrich-Alexander-Universität Erlangen-Nürnberg,https://openalex.org/I181369854,Universitätsklinikum Erlangen,https://openalex.org/I4210088053,,,Friedrich-Alexander-Universität Erlangen-Nürnberg,https://openalex.org/I181369854,Friedrich-Alexander-Universität Erlangen-Nürnberg,https://openalex.org/I181369854,,,,,,,,,,,,,,,,,,,,,,,,,,,,,,,,,,,,,,,,,,,,,,,,,,,,,,,,,,,,,,,,,,,,,,,,,,,,,,,,,,,,,,,,,,
Janel Thamkul,A5092362960,0,,,,,,,,,,,,,,,,,,,,,,,,,,,,,,,,,,,,,,,,,,,,,,,,,,,,,,,,,,,,,,,,,,,,,,,,,,,,,,,,,,,,,,,,,,,,,,,,,,,,,,,,,,,,,,,,,,,,
Jared Kaplan,A5053213601,3,,,Johns Hopkins University,https://openalex.org/I145311948,,,University of New Hampshire,https://openalex.org/I161057412,Johns Hopkins University,https://openalex.org/I145311948,Johns Hopkins University,https://openalex.org/I145311948,Johns Hopkins University,https://openalex.org/I145311948,Stanford University,https://openalex.org/I97018004,Johns Hopkins University,https://openalex.org/I145311948,Johns Hopkins University,https://openalex.org/I145311948,Johns Hopkins University,https://openalex.org/I145311948,Johns Hopkins University,https://openalex.org/I145311948,Stanford University,https://openalex.org/I97018004,,,,,Stanford University,https://openalex.org/I97018004,,,,,,,,,,,,,,,,,,,,,,,,,,,,,,,,,,,,,,,,,,,,,,,,,,,,,,,,,,,,,,,,,,,,,,,,,,,,,,,,,,,,
Jared Mueller,A5070762421,0,,,,,,,,,,,,,,,,,,,,,,,,,,,,,,,,,,,,,,,,,,,,,,,,,,,,,,,,,,,,,,,,,,,,,,,,,,,,,,,,,,,,,,,,,,,,,,,,,,,,,,,,,,,,,,,,,,,,
Jesse Mu,A5060578216,2,,,,,,,,,Stanford University,https://openalex.org/I97018004,Stanford University,https://openalex.org/I97018004,Boston College,https://openalex.org/I103531236,,,Boston College,https://openalex.org/I103531236,,,,,,,,,,,,,,,,,,,,,,,,,,,,,,,,,,,,,,,,,,,,,,,,,,,,,,,,,,,,,,,,,,,,,,,,,,,,,,,,,,,,,,,,,,,,,,,,,,
Jing Hong,A5059202228,6,First Affiliated Hospital of Jinan University,https://openalex.org/I4210162753,The University of Tokyo,https://openalex.org/I74801974,The University of Tokyo,https://openalex.org/I74801974,The University of Tokyo,https://openalex.org/I74801974,Peking University Third Hospital,https://openalex.org/I4210141942,Beijing Haidian Hospital,https://openalex.org/I4210161752,The University of Tokyo,https://openalex.org/I74801974,Ministry of Education of the People's Republic of China,https://openalex.org/I1327237609,Peking University Third Hospital,https://openalex.org/I4210141942,Peking University Third Hospital,https://openalex.org/I4210141942,,,,,,,People's Hospital of Xinjiang Uygur Autonomous Region,https://openalex.org/I4210122141,,,,,,,,,,,,,,,,,,,,,,,,,,,,,,,,,,,,,,,,,,,,,,,,,,,,,,,,,,,,,,,,,,,,,,,,,,,,,,,,,,,,,,,,
Johannes Treutlein,A5047456114,3,,,,,,,,,Vector Institute,https://openalex.org/I4210127509,,,,,Verwaltungs-Berufsgenossenschaft,https://openalex.org/I4210114088,,,,,,,,,University Hospital Heidelberg,https://openalex.org/I2802164966,,,,,,,,,,,,,,,,,,,,,,,,,,,,,,,,,,,,,,,,,,,,,,,,,,,,,,,,,,,,,,,,,,,,,,,,,,,,,,,,,,,,,,,,,,
Jonathan Uesato,A5059226057,4,,,,,,,DeepMind (United Kingdom),https://openalex.org/I4210090411,Google (United States),https://openalex.org/I1291425158,Google (United States),https://openalex.org/I1291425158,Google (United States),https://openalex.org/I1291425158,Massachusetts Institute of Technology,https://openalex.org/I63966007,IIT@MIT,https://openalex.org/I4210110987,,,,,,,,,,,,,,,,,,,,,,,,,,,,,,,,,,,,,,,,,,,,,,,,,,,,,,,,,,,,,,,,,,,,,,,,,,,,,,,,,,,,,,,,,,,,,,,,,,
Juhan Bae,A5078051293,6,,,,,,,,,Vector Institute,https://openalex.org/I4210127509,University of Toronto,https://openalex.org/I185261750,Epson (United States),https://openalex.org/I123919768,University of Toronto,https://openalex.org/I185261750,,,,,,,Hanyang University,https://openalex.org/I4575257,Korea Electronics Technology Institute,https://openalex.org/I4210131650,,,,,Samsung (South Korea),https://openalex.org/I2250650973,,,,,,,,,,,,,,,,,,,,,,,,,,,,,,,,,,,,,,,,,,,,,,,,,,,,,,,,,,,,,,,,,,,,,,,,,,,,,,,,,,,,
Julian Michael,A5072681909,4,,,,,"University of California, Berkeley",https://openalex.org/I95457486,University of Washington,https://openalex.org/I201448701,Tel Aviv University,https://openalex.org/I16391192,University of Washington,https://openalex.org/I201448701,University of Washington,https://openalex.org/I201448701,New York University,https://openalex.org/I57206974,University of Washington,https://openalex.org/I201448701,University of Washington,https://openalex.org/I201448701,,,,,,,,,,,,,,,,,,,,,,,,,,,,,,,,,,,,,,,,,,,,,,,,,,,,,,,,,,,,,,,,,,,,,,,,,,,,,,,,,,,,,,,,,,,,,,,,
Kamal Ndousse,A5028970835,2,,,,,AnthroTronix (United States),https://openalex.org/I4210115175,,,OpenAI (United States),https://openalex.org/I4210161460,OpenAI (United States),https://openalex.org/I4210161460,,,,,,,,,,,,,,,,,,,,,,,,,,,,,,,,,,,,,,,,,,,,,,,,,,,,,,,,,,,,,,,,,,,,,,,,,,,,,,,,,,,,,,,,,,,,,,,,,,,,,,,,
Kamilė Lukošiūtė,A5025573579,1,,,,,University of Amsterdam,https://openalex.org/I887064364,University of Amsterdam,https://openalex.org/I887064364,University of Amsterdam,https://openalex.org/I887064364,,,,,,,,,,,,,,,,,,,,,,,,,,,,,,,,,,,,,,,,,,,,,,,,,,,,,,,,,,,,,,,,,,,,,,,,,,,,,,,,,,,,,,,,,,,,,,,,,,,,,,,,,,
Karina Nguyen,A5032805177,0,,,,,,,,,,,,,,,,,,,,,,,,,,,,,,,,,,,,,,,,,,,,,,,,,,,,,,,,,,,,,,,,,,,,,,,,,,,,,,,,,,,,,,,,,,,,,,,,,,,,,,,,,,,,,,,,,,,,
Karina Nyugen,A5092362961,0,,,,,,,,,,,,,,,,,,,,,,,,,,,,,,,,,,,,,,,,,,,,,,,,,,,,,,,,,,,,,,,,,,,,,,,,,,,,,,,,,,,,,,,,,,,,,,,,,,,,,,,,,,,,,,,,,,,,
Kshitij Sachan,A5084231398,0,,,,,,,,,,,,,,,,,,,,,,,,,,,,,,,,,,,,,,,,,,,,,,,,,,,,,,,,,,,,,,,,,,,,,,,,,,,,,,,,,,,,,,,,,,,,,,,,,,,,,,,,,,,,,,,,,,,,
Kunal Handa,A5036181983,3,,,,,Google (United States),https://openalex.org/I1291425158,Brown University,https://openalex.org/I27804330,SRM University,https://openalex.org/I4210131147,,,,,,,,,,,,,,,,,,,,,,,,,,,,,,,,,,,,,,,,,,,,,,,,,,,,,,,,,,,,,,,,,,,,,,,,,,,,,,,,,,,,,,,,,,,,,,,,,,,,,,,,,,
Landon Goldberg,A5015730722,0,,,,,,,,,,,,,,,,,,,,,,,,,,,,,,,,,,,,,,,,,,,,,,,,,,,,,,,,,,,,,,,,,,,,,,,,,,,,,,,,,,,,,,,,,,,,,,,,,,,,,,,,,,,,,,,,,,,,
Liane Lovitt,A5026784501,0,,,,,,,,,,,,,,,,,,,,,,,,,,,,,,,,,,,,,,,,,,,,,,,,,,,,,,,,,,,,,,,,,,,,,,,,,,,,,,,,,,,,,,,,,,,,,,,,,,,,,,,,,,,,,,,,,,,,
Liane Lovitt,A5085473601,0,,,,,,,,,,,,,,,,,,,,,,,,,,,,,,,,,,,,,,,,,,,,,,,,,,,,,,,,,,,,,,,,,,,,,,,,,,,,,,,,,,,,,,,,,,,,,,,,,,,,,,,,,,,,,,,,,,,,
Linda Petrini,A5115560877,0,,,,,,,,,,,,,,,,,,,,,,,,,,,,,,,,,,,,,,,,,,,,,,,,,,,,,,,,,,,,,,,,,,,,,,,,,,,,,,,,,,,,,,,,,,,,,,,,,,,,,,,,,,,,,,,,,,,,
Logan Graham,A5041121552,2,,,,,,,,,,,University of Oxford,https://openalex.org/I40120149,Geoscience Australia,https://openalex.org/I1331816111,,,,,,,,,,,,,,,,,,,,,,,,,,,,,,,,,,,,,,,,,,,,,,,,,,,,,,,,,,,,,,,,,,,,,,,,,,,,,,,,,,,,,,,,,,,,,,,,,,,,,,
Marina Favaro,A5069116837,2,,,,,,,,,,,RAND Europe,https://openalex.org/I4210127042,,,,,,,,,,,,,,,Centro Universitário de Araraquara,https://openalex.org/I4210156688,,,,,,,,,,,,,,,,,,,,,,,,,,,,,,,,,,,,,,,,,,,,,,,,,,,,,,,,,,,,,,,,,,,,,,,,,,,,,,,,,,,,,,,,
Meg Tong,A5111092720,0,,,,,,,,,,,,,,,,,,,,,,,,,,,,,,,,,,,,,,,,,,,,,,,,,,,,,,,,,,,,,,,,,,,,,,,,,,,,,,,,,,,,,,,,,,,,,,,,,,,,,,,,,,,,,,,,,,,,
Michael E. Stern,A5024092541,7,NewYork–Presbyterian Hospital,https://openalex.org/I1340179700,Weill Cornell Medicine,https://openalex.org/I4387153466,Weill Cornell Medicine,https://openalex.org/I4387153466,Charles University,https://openalex.org/I21250087,University of Cologne,https://openalex.org/I180923762,Weill Cornell Medicine,https://openalex.org/I4387153466,Universidad de Valladolid,https://openalex.org/I108103353,Weill Cornell Medicine,https://openalex.org/I4387153466,Weill Cornell Medicine,https://openalex.org/I4387153466,Cornell University,https://openalex.org/I205783295,Universidad de Valladolid,https://openalex.org/I108103353,,,,,Universidad de Valladolid,https://openalex.org/I108103353,,,New York Hospital Queens,https://openalex.org/I2801107848,,,,,,,,,,,,,Universidad de Valladolid,https://openalex.org/I108103353,,,,,,,,,,,,,,,,,,,,,,,,,,,,,,,,,,,,,,,,,,,,,,,,,,,,,,,,,,,,,,,,,,,,,,
Michael Sellitto,A5085932648,2,,,,,,,,,,,,,,,,,,,,,,,,,,,Dana-Farber Cancer Institute,https://openalex.org/I4210117453,Harvard University,https://openalex.org/I136199984,,,,,,,,,,,,,,,,,,,,,,,,,,,,,,,,,,,,,,,,,,,,,,,,,,,,,,,,,,,,,,,,,,,,,,,,,,,,,,,,,,,,,,
Mike Lambert,A5103263684,3,,,,,,,,,,,University of Wolverhampton,https://openalex.org/I119664326,,,,,,,,,,,,,,,,,Qinetiq (United Kingdom),https://openalex.org/I173869447,,,,,University of Wolverhampton,https://openalex.org/I119664326,,,ENVItech Bohemia (Czechia),https://openalex.org/I4210139052,University of Wolverhampton,https://openalex.org/I119664326,,,,,,,,,,,,,,,,,,,,,,,,,,,,,,,,,,,,,,,,,,,,,,,,,,,,,,,,,,,,,,,,,,,,,,,,,,
Miles McCain,A5029616530,2,,,,,Stanford University,https://openalex.org/I97018004,,,,,Palo Alto University,https://openalex.org/I1743320,,,,,,,,,,,,,,,,,,,,,,,,,,,,,,,,,,,,,,,,,,,,,,,,,,,,,,,,,,,,,,,,,,,,,,,,,,,,,,,,,,,,,,,,,,,,,,,,,,,,,,,,
Miranda Zhang,A5057999428,3,,,,,,,,,,,,,,,,,Australian National University,https://openalex.org/I118347636,Australian National University,https://openalex.org/I118347636,Commonwealth Scientific and Industrial Research Organisation,https://openalex.org/I1292875679,Commonwealth Scientific and Industrial Research Organisation,https://openalex.org/I1292875679,Health Sciences and Nutrition,https://openalex.org/I4210101388,Commonwealth Scientific and Industrial Research Organisation,https://openalex.org/I1292875679,,,,,,,,,,,,,,,,,,,,,,,,,,,,,,,,,,,,,,,,,,,,,,,,,,,,,,,,,,,,,,,,,,,,,,,,,,,,,,,,,,,,,,,,
Monte MacDiarmid,A5084608104,2,,,,,,,,,,,,,,,,,,,,,,,,,,,,,,,,,,,University of Oxford,https://openalex.org/I40120149,Science Oxford,https://openalex.org/I4210146410,,,,,,,,,,,,,,,,,,,,,,,,,,,,,,,,,,,,,,,,,,,,,,,,,,,,,,,,,,,,,,,,,,,,,,,,,,,,,,
Mrinank Sharma,A5003223014,4,,,"Dr. D. Y. Patil Medical College, Hospital and Research Centre",https://openalex.org/I4210089305,University of Oxford,https://openalex.org/I40120149,University of Petroleum and Energy Studies,https://openalex.org/I5847235,University of Oxford,https://openalex.org/I40120149,Science Oxford,https://openalex.org/I4210146410,University of Oxford,https://openalex.org/I40120149,,,,,,,,,,,,,,,,,,,,,,,,,,,,,,,,,,,,,,,,,,,,,,,,,,,,,,,,,,,,,,,,,,,,,,,,,,,,,,,,,,,,,,,,,,,,,,,,,,,,,,
Nelson Elhage,A5020683620,1,,,,,,,,,,,,,,,,,,,,,,,,,,,,,,,Massachusetts Institute of Technology,https://openalex.org/I63966007,Massachusetts Institute of Technology,https://openalex.org/I63966007,,,,,,,,,,,,,,,,,,,,,,,,,,,,,,,,,,,,,,,,,,,,,,,,,,,,,,,,,,,,,,,,,,,,,,,,,,,,,,,,,,
Newton Cheng,A5058959806,2,,,,,"University of California, Berkeley",https://openalex.org/I95457486,"University of California, Berkeley",https://openalex.org/I95457486,,,"University of California, Berkeley",https://openalex.org/I95457486,"University of California, Berkeley",https://openalex.org/I95457486,,,,,,,,,,,,,,,University of Illinois Urbana-Champaign,https://openalex.org/I157725225,,,,,,,,,,,,,,,,,,,,,,,,,,,,,,,,,,,,,,,,,,,,,,,,,,,,,,,,,,,,,,,,,,,,,,,,,,,,,,,,,,,,,,
Nicholas Joseph,A5032088236,5,,,,,"University at Buffalo, State University of New York",https://openalex.org/I63190737,,,The Ohio State University,https://openalex.org/I52357470,Film Independent,https://openalex.org/I4210121988,,,,,The Ohio State University Wexner Medical Center,https://openalex.org/I2802841970,Government of the Republic of Korea,https://openalex.org/I2801339556,The Ohio State University Wexner Medical Center,https://openalex.org/I2802841970,The Ohio State University,https://openalex.org/I52357470,,,,,,,,,,,,,,,,,,,,,,,,,,,,,,,,,,,,,,,,,,,,,,,,,,,,,,,,,,,,,,,,,,,,,,,,,,,,,,,,,,,,,,,,,,,,
Nicholas Schiefer,A5050348824,3,,,,,Amazon (United States),https://openalex.org/I1311688040,,,,,,,Apple (United States),https://openalex.org/I4210153776,,,,,California Institute of Technology,https://openalex.org/I122411786,California Institute of Technology,https://openalex.org/I122411786,,,,,,,,,,,,,,,,,,,,,,,,,,,,,,,,,,,,,,,,,,,,,,,,,,,,,,,,,,,,,,,,,,,,,,,,,,,,,,,,,,,,,,,,,,,,,,
Nova DasSarma,A5011723751,0,,,,,,,,,,,,,,,,,,,,,,,,,,,,,,,,,,,,,,,,,,,,,,,,,,,,,,,,,,,,,,,,,,,,,,,,,,,,,,,,,,,,,,,,,,,,,,,,,,,,,,,,,,,,,,,,,,,,
Nova DasSarma,A5030783855,0,,,,,,,,,,,,,,,,,,,,,,,,,,,,,,,,,,,,,,,,,,,,,,,,,,,,,,,,,,,,,,,,,,,,,,,,,,,,,,,,,,,,,,,,,,,,,,,,,,,,,,,,,,,,,,,,,,,,
Oliver Rausch,A5053939329,10,Mission Therapeutics (United Kingdom),https://openalex.org/I4210092285,Mission Therapeutics (United Kingdom),https://openalex.org/I4210092285,Mission Therapeutics (United Kingdom),https://openalex.org/I4210092285,ETH Zurich,https://openalex.org/I35440088,,,ETH Zurich,https://openalex.org/I35440088,,,,,,,CellCentric (United Kingdom),https://openalex.org/I4210098467,UCB Pharma (Belgium),https://openalex.org/I85722119,,,,,CellCentric (United Kingdom),https://openalex.org/I4210098467,Icesi University,https://openalex.org/I76842071,UCB Pharma (United Kingdom),https://openalex.org/I4210134054,,,Granta Design (United Kingdom),https://openalex.org/I4210110691,,,Granta Design (United Kingdom),https://openalex.org/I4210110691,Granta Design (United Kingdom),https://openalex.org/I4210110691,,,GlaxoSmithKline (United Kingdom),https://openalex.org/I188950975,,,,,GlaxoSmithKline (United Kingdom),https://openalex.org/I188950975,Institute of Cancer Research,https://openalex.org/I142947616,University of Göttingen,https://openalex.org/I74656192,,,,,,,,,,,,,,,,,,,,,,,,,,,,,,,,,,,,,,,,,,,,,,,,,,,,,,,,,,,,
Orowa Sikder,A5072731542,1,,,,,,,,,University College London,https://openalex.org/I45129253,University College London,https://openalex.org/I45129253,,,University College London,https://openalex.org/I45129253,,,,,,,,,,,,,,,,,,,,,,,,,,,,,,,,,,,,,,,,,,,,,,,,,,,,,,,,,,,,,,,,,,,,,,,,,,,,,,,,,,,,,,,,,,,,,,,,,,,,
Paul Christiano,A5109502066,6,,,,,,,,,OpenAI (United States),https://openalex.org/I4210161460,,,,,,,,,,,,,,,,,,,Vassar College,https://openalex.org/I126820664,,,,,,,,,,,,,,,,,,,,,,,,,,,,,,,,,,,Carnegie Institution for Science,https://openalex.org/I196817621,,,,,D'Appolonia (Italy),https://openalex.org/I4210158583,Carnegie Mellon University,https://openalex.org/I74973139,Carnegie Mellon University,https://openalex.org/I74973139,,,Carnegie Mellon University,https://openalex.org/I74973139,,,Carnegie Mellon University,https://openalex.org/I74973139,,,Carnegie Mellon University,https://openalex.org/I74973139,Carnegie Mellon University,https://openalex.org/I74973139,Carnegie Mellon University,https://openalex.org/I74973139,University of Minnesota,https://openalex.org/I130238516,University of Minnesota,https://openalex.org/I130238516,University of Minnesota,https://openalex.org/I130238516,University of Minnesota,https://openalex.org/I130238516,University of Minnesota,https://openalex.org/I130238516,University of Minnesota,https://openalex.org/I130238516,,,,,,,,,,,,
Robin J. Larson,A5051064337,7,Natera (United States),https://openalex.org/I4210124610,Dartmouth–Hitchcock Medical Center,https://openalex.org/I1289422878,Dartmouth–Hitchcock Medical Center,https://openalex.org/I1289422878,,,,,,,,,,,,,University of Miami,https://openalex.org/I145608581,The University of Texas MD Anderson Cancer Center,https://openalex.org/I1343551460,White River Junction VA Medical Center,https://openalex.org/I4210118357,White River Junction VA Medical Center,https://openalex.org/I4210118357,White River Junction VA Medical Center,https://openalex.org/I4210118357,White River Junction VA Medical Center,https://openalex.org/I4210118357,Dartmouth Institute for Health Policy and Clinical Practice,https://openalex.org/I126688049,Dartmouth Institute for Health Policy and Clinical Practice,https://openalex.org/I126688049,White River Junction VA Medical Center,https://openalex.org/I4210118357,Dartmouth College,https://openalex.org/I107672454,White River Junction VA Medical Center,https://openalex.org/I4210118357,White River Junction VA Medical Center,https://openalex.org/I4210118357,White River Junction VA Medical Center,https://openalex.org/I4210118357,,,,,,,,,,,,,,,,,,,,,,,,,,,,,,,,,,,,,,,,,,,,,,,,,,,,,,,,,,,,,,,,,,,,,,,,
Roger Grosse,A5067036768,4,,,,,,,,,University of Toronto,https://openalex.org/I185261750,University of Toronto,https://openalex.org/I185261750,University of Toronto,https://openalex.org/I185261750,University of Toronto,https://openalex.org/I185261750,University of Toronto,https://openalex.org/I185261750,University of Toronto,https://openalex.org/I185261750,University of Toronto,https://openalex.org/I185261750,Institute of Cognitive and Brain Sciences,https://openalex.org/I4210104429,Massachusetts Institute of Technology,https://openalex.org/I63966007,Massachusetts Institute of Technology,https://openalex.org/I63966007,Massachusetts Institute of Technology,https://openalex.org/I63966007,,,Stanford University,https://openalex.org/I97018004,,,Stanford University,https://openalex.org/I97018004,,,,,,,,,,,,,,,,,,,,,,,,,,,,,,,,,,,,,,,,,,,,,,,,,,,,,,,,,,,,,,,,,,,,,,,,,,,,,,
Ryan Greenblatt,A5037548279,1,,,,,,,,,,,,,,,Zebra Biologics (United States),https://openalex.org/I4210103136,,,,,,,,,,,,,,,,,,,,,,,,,,,,,,,,,,,,,,,,,,,,,,,,,,,,,,,,,,,,,,,,,,,,,,,,,,,,,,,,,,,,,,,,,,,,,,,,,,,,
Ryan Soklaski,A5099241628,0,,,,,,,,,,,,,,,,,,,,,,,,,,,,,,,,,,,,,,,,,,,,,,,,,,,,,,,,,,,,,,,,,,,,,,,,,,,,,,,,,,,,,,,,,,,,,,,,,,,,,,,,,,,,,,,,,,,,
Saffron Huang,A5040949100,2,,,,,DeepMind (United Kingdom),https://openalex.org/I4210090411,New York University,https://openalex.org/I57206974,,,,,,,,,,,,,,,,,,,,,,,,,,,,,,,,,,,,,,,,,,,,,,,,,,,,,,,,,,,,,,,,,,,,,,,,,,,,,,,,,,,,,,,,,,,,,,,,,,,,,,,,,,,,
Sam McCandlish,A5054887773,1,,,,,,,Bauhaus-Universität Weimar,https://openalex.org/I51441396,,,,,,,,,,,,,,,,,,,,,,,,,,,,,,,,,,,,,,,,,,,,,,,,,,,,,,,,,,,,,,,,,,,,,,,,,,,,,,,,,,,,,,,,,,,,,,,,,,,,,,,,,,,,
Samuel Marks,A5032071922,0,,,,,,,,,,,,,,,,,,,,,,,,,,,,,,,,,,,,,,,,,,,,,,,,,,,,,,,,,,,,,,,,,,,,,,,,,,,,,,,,,,,,,,,,,,,,,,,,,,,,,,,,,,,,,,,,,,,,
Samuel R. Bowman,A5112713734,7,,,,,New York University,https://openalex.org/I57206974,New York University,https://openalex.org/I57206974,Allen Institute,https://openalex.org/I4210140341,University of Colorado System,https://openalex.org/I2802236040,Johns Hopkins University,https://openalex.org/I145311948,Google (United States),https://openalex.org/I1291425158,New York University,https://openalex.org/I57206974,Google (United States),https://openalex.org/I1291425158,Center for Applied Linguistics,https://openalex.org/I1344076864,,,,,Center for International Environmental Law,https://openalex.org/I2800048442,,,,,,,,,,,,,,,,,,,,,,,,,,,,,,,,,,,,,,,,,,,,,,,,,,,,,,,,,,,,,,,,,,,,,,,,,,,,,,,,,,,,,,,,
Sandipan Kundu,A5010007563,6,,,,,University of Pennsylvania,https://openalex.org/I79576946,Johns Hopkins University,https://openalex.org/I145311948,Johns Hopkins University,https://openalex.org/I145311948,Johns Hopkins University,https://openalex.org/I145311948,Johns Hopkins University,https://openalex.org/I145311948,Johns Hopkins University,https://openalex.org/I145311948,Cornell University,https://openalex.org/I205783295,Cornell University,https://openalex.org/I205783295,The University of Texas at Austin,https://openalex.org/I86519309,Intel (United Kingdom),https://openalex.org/I4210158342,The University of Texas at Austin,https://openalex.org/I86519309,The University of Texas at Austin,https://openalex.org/I86519309,The University of Texas at Austin,https://openalex.org/I86519309,,,,,,,,,,,,,,,,,,,,,,,,,,,,,,,,,,,,,,,,,,,,,,,,,,,,,,,,,,,,,,,,,,,,,,,,,,,,,,,Australian National University,https://openalex.org/I118347636,,,,,,
Saurav Kadavath,A5061506488,1,,,,,,,,,"University of California, Berkeley",https://openalex.org/I95457486,,,"University of California, Berkeley",https://openalex.org/I95457486,,,,,,,,,,,,,,,,,,,,,,,,,,,,,,,,,,,,,,,,,,,,,,,,,,,,,,,,,,,,,,,,,,,,,,,,,,,,,,,,,,,,,,,,,,,,,,,,,,,,,,
Scott R. Johnston,A5113030004,0,,,,,,,,,,,,,,,,,,,,,,,,,,,,,,,,,,,,,,,,,,,,,,,,,,,,,,,,,,,,,,,,,,,,,,,,,,,,,,,,,,,,,,,,,,,,,,,,,,,,,,,,,,,,,,,,,,,,
Shan Carter,A5087762412,2,,,,,,,,,,,OpenAI (United States),https://openalex.org/I4210161460,Google (United States),https://openalex.org/I1291425158,Google (United States),https://openalex.org/I1291425158,Google (United States),https://openalex.org/I1291425158,Google (United States),https://openalex.org/I1291425158,,,,,,,,,,,,,,,,,,,,,,,,,,,,,,,,,,,,,,,,,,,,,,,,,,,,,,,,,,,,,,,,,,,,,,,,,,,,,,,,,,,,,,,,,,,,,,,,
Shannon Yang,A5037725211,1,,,,,,,,,Meta (United States),https://openalex.org/I4210114444,,,,,,,,,,,,,,,,,,,,,,,,,,,,,,,,,,,,,,,,,,,,,,,,,,,,,,,,,,,,,,,,,,,,,,,,,,,,,,,,,,,,,,,,,,,,,,,,,,,,,,,,,,
Shauna Kravec,A5009112681,1,,,,,,,,,,,,,"University of California, San Diego",https://openalex.org/I36258959,,,,,,,"University of California, San Diego",https://openalex.org/I36258959,,,"University of California, San Diego",https://openalex.org/I36258959,,,,,,,,,,,,,,,,,,,,,,,,,,,,,,,,,,,,,,,,,,,,,,,,,,,,,,,,,,,,,,,,,,,,,,,,,,,,,,,,,,,,,,,,,,
Shula Marks,A5109556682,10,,,,,,,,,,,,,,,,,Oxford Brookes University,https://openalex.org/I124261462,,,Universidad de Londres,https://openalex.org/I4210160447,SOAS University of London,https://openalex.org/I31575130,,,University College London,https://openalex.org/I45129253,Universidad de Londres,https://openalex.org/I4210160447,,,Transnational Press London,https://openalex.org/I4392021135,,,,,,,,,School of Advanced Study,https://openalex.org/I2802488147,Universidad de Londres,https://openalex.org/I4210160447,SOAS University of London,https://openalex.org/I31575130,Universidad de Londres,https://openalex.org/I4210160447,Universidad de Londres,https://openalex.org/I4210160447,SOAS University of London,https://openalex.org/I31575130,Universidad de Londres,https://openalex.org/I4210160447,University of London,https://openalex.org/I124357947,Universidad de Londres,https://openalex.org/I4210160447,Commonwealth Education Trust,https://openalex.org/I4210148914,Commonwealth Education Trust,https://openalex.org/I4210148914,Commonwealth Education Trust,https://openalex.org/I4210148914,Commonwealth Education Trust,https://openalex.org/I4210148914,Commonwealth Education Trust,https://openalex.org/I4210148914,Centenary Institute,https://openalex.org/I2800664540,London School of Hygiene & Tropical Medicine,https://openalex.org/I4210089966,,,Commonwealth Education Trust,https://openalex.org/I4210148914,,,,,,,,,Commonwealth Education Trust,https://openalex.org/I4210148914,,,,,Commonwealth Education Trust,https://openalex.org/I4210148914,,,,,,,,,,,,,,,,,,,,,,
Stuart J. Ritchie,A5049097607,7,,,,,King's College London,https://openalex.org/I183935753,King's College London,https://openalex.org/I183935753,King's College London,https://openalex.org/I183935753,Royal Botanic Garden Edinburgh,https://openalex.org/I167261309,Ricardo (United Kingdom),https://openalex.org/I299730958,Southern General Hospital,https://openalex.org/I2802050120,Ixico (United Kingdom),https://openalex.org/I4210096995,Alzheimer Scotland,https://openalex.org/I4210091839,Alzheimer Scotland,https://openalex.org/I4210091839,University of Edinburgh,https://openalex.org/I98677209,University of Edinburgh,https://openalex.org/I98677209,University of Edinburgh,https://openalex.org/I98677209,University of Edinburgh,https://openalex.org/I98677209,,,,,,,,,,,,,,,,,,,,,,,,,,,,,,,,,,,,,,,,,,,,,,,,,,,,,,,,,,,,,,,,,,,,,,,,,,,,,,,,,,,,,,
Sören Mindermann,A5012960540,5,Mila - Quebec Artificial Intelligence Institute,https://openalex.org/I4210164802,Université de Montréal,https://openalex.org/I70931966,RAND Corporation,https://openalex.org/I1309849503,University of Oxford,https://openalex.org/I40120149,University of Oxford,https://openalex.org/I40120149,Oxford Research Group,https://openalex.org/I2802123492,,,University of Oxford,https://openalex.org/I40120149,University of Oxford,https://openalex.org/I40120149,,,,,,,,,,,,,,,,,,,,,,,,,,,,,,,,,,,,,,,,,,,,,,,,,,,,,,,,,,,,,,,,,,,,,,,,,,,,,,,,,,,,,,,,,,,,,,,,,,
T. Maxwell,A5108360703,4,,,Texas Tech University,https://openalex.org/I12315562,,,,,,,Texas Tech University,https://openalex.org/I12315562,,,,,,,,,Texas Tech University,https://openalex.org/I12315562,Texas Tech University,https://openalex.org/I12315562,Texas Tech University,https://openalex.org/I12315562,,,,,Texas Tech University,https://openalex.org/I12315562,,,Texas Tech University,https://openalex.org/I12315562,,,Texas Tech University,https://openalex.org/I12315562,Texas Tech University,https://openalex.org/I12315562,,,Texas Tech University,https://openalex.org/I12315562,,,,,,,,,,,Valve (United States),https://openalex.org/I1317635190,,,,,,,,,,,,,,,,,,,,,,,,,,,Auburn University,https://openalex.org/I82497590,,,,,RAND Corporation,https://openalex.org/I1309849503,,,,,,,,,,,,,,,,,,,,,,,,
Tamera Lanham,A5022793124,0,,,,,,,,,,,,,,,,,,,,,,,,,,,,,,,,,,,,,,,,,,,,,,,,,,,,,,,,,,,,,,,,,,,,,,,,,,,,,,,,,,,,,,,,,,,,,,,,,,,,,,,,,,,,,,,,,,,,
Theodore R. Sumers,A5115560625,0,,,,,,,,,,,,,,,,,,,,,,,,,,,,,,,,,,,,,,,,,,,,,,,,,,,,,,,,,,,,,,,,,,,,,,,,,,,,,,,,,,,,,,,,,,,,,,,,,,,,,,,,,,,,,,,,,,,,
Thomas I. Liao,A5058639265,0,,,,,,,,,,,,,,,,,,,,,,,,,,,,,,,,,,,,,,,,,,,,,,,,,,,,,,,,,,,,,,,,,,,,,,,,,,,,,,,,,,,,,,,,,,,,,,,,,,,,,,,,,,,,,,,,,,,,
Tim Belonax,A5115560878,0,,,,,,,,,,,,,,,,,,,,,,,,,,,,,,,,,,,,,,,,,,,,,,,,,,,,,,,,,,,,,,,,,,,,,,,,,,,,,,,,,,,,,,,,,,,,,,,,,,,,,,,,,,,,,,,,,,,,
Tim Maxwell,A5108519631,1,,,,,,,,,,,Texas Tech University,https://openalex.org/I12315562,,,,,,,,,,,,,,,,,,,,,,,,,Texas Tech University,https://openalex.org/I12315562,,,Texas Tech University,https://openalex.org/I12315562,,,,,,,,,,,,,,,,,,,,,,,,,,,,,,,,,,,,,,,,,,,,,,,,,,,,,,,,,,,,,,,,,,,,,,,,,,
Timothy Telleen-Lawton,A5001194068,0,,,,,,,,,,,,,,,,,,,,,,,,,,,,,,,,,,,,,,,,,,,,,,,,,,,,,,,,,,,,,,,,,,,,,,,,,,,,,,,,,,,,,,,,,,,,,,,,,,,,,,,,,,,,,,,,,,,,
Tom Henighan,A5049786610,2,,,,,,,Université d'Avignon et des Pays de Vaucluse,https://openalex.org/I198415970,University of Sheffield,https://openalex.org/I91136226,,,,,,,,,,,,,,,,,,,,,,,,,,,,,,,,,,,,,,,,,,,,,,,,,,,,,,,,,,,,,,,,,,,,,,,,,,,,,,,,,,,,,,,,,,,,,,,,,,,,,,,,,,
Tomasz Korbak,A5002211679,3,,,,,,,New York University,https://openalex.org/I57206974,University of Warsaw,https://openalex.org/I4654613,Polish Academy of Sciences,https://openalex.org/I99542240,University of Warsaw,https://openalex.org/I4654613,,,,,,,University of Warsaw,https://openalex.org/I4654613,,,,,,,,,,,,,,,,,,,,,,,,,,,,,,,,,,,,,,,,,,,,,,,,,,,,,,,,,,,,,,,,,,,,,,,,,,,,,,,,,,,,,,,,,,,,,,
Tristan Hume,A5079539910,0,,,,,,,,,,,,,,,,,,,,,,,,,,,,,,,,,,,,,,,,,,,,,,,,,,,,,,,,,,,,,,,,,,,,,,,,,,,,,,,,,,,,,,,,,,,,,,,,,,,,,,,,,,,,,,,,,,,,
Wendy G. Mitchell,A5036342509,6,Children's Hospital of Los Angeles,https://openalex.org/I1336910626,University of Southern California,https://openalex.org/I1174212,Keck Hospital of USC,https://openalex.org/I2800154431,Dementia UK,https://openalex.org/I4210122726,University of Southern California,https://openalex.org/I1174212,University of Chicago,https://openalex.org/I40347166,Moores Cancer Center,https://openalex.org/I4390039236,,,University of Chicago,https://openalex.org/I40347166,University of Chicago,https://openalex.org/I40347166,University of Southern California,https://openalex.org/I1174212,University of Southern California,https://openalex.org/I1174212,University of Southern California,https://openalex.org/I1174212,,,,,,,,,,,,,,,,,,,,,,,,,,,,,,,,,University of Chicago,https://openalex.org/I40347166,,,,,,,University of Chicago,https://openalex.org/I40347166,,,,,,,,,,,,,,,,,,,,,University of Chicago,https://openalex.org/I40347166,,,,,,,,,,,,,,,,,,,,,,,,,,
William McEachen,A5115560626,0,,,,,,,,,,,,,,,,,,,,,,,,,,,,,,,,,,,,,,,,,,,,,,,,,,,,,,,,,,,,,,,,,,,,,,,,,,,,,,,,,,,,,,,,,,,,,,,,,,,,,,,,,,,,,,,,,,,,
Yuntao Bai,A5091860006,3,,,Xiamen University,https://openalex.org/I191208505,Xiamen University,https://openalex.org/I191208505,Xiamen University,https://openalex.org/I191208505,Xiamen University,https://openalex.org/I191208505,Xiamen University,https://openalex.org/I191208505,Xiamen University,https://openalex.org/I191208505,,,London Business School,https://openalex.org/I61544103,Xiamen University,https://openalex.org/I191208505,The Ohio State University,https://openalex.org/I52357470,The Ohio State University,https://openalex.org/I52357470,Xiamen University,https://openalex.org/I191208505,,,,,,,,,,,,,,,,,,,,,,,,,,,,,,,,,,,,,,,,,,,,,,,,,,,,,,,,,,,,,,,,,,,,,,,,,,,,,,,,,,,,,,,,,,
Zac Hatfield-Dodds,A5070402589,1,,,Australian National University,https://openalex.org/I118347636,,,Australian National University,https://openalex.org/I118347636,Australian National University,https://openalex.org/I118347636,Australian National University,https://openalex.org/I118347636,Australian National University,https://openalex.org/I118347636,,,,,,,,,,,,,,,,,,,,,,,,,,,,,,,,,,,,,,,,,,,,,,,,,,,,,,,,,,,,,,,,,,,,,,,,,,,,,,,,,,,,,,,,,,,,,,,,,,,,,,
Zachary Witten,A5093713873,0,,,,,,,,,,,,,,,,,,,,,,,,,,,,,,,,,,,,,,,,,,,,,,,,,,,,,,,,,,,,,,,,,,,,,,,,,,,,,,,,,,,,,,,,,,,,,,,,,,,,,,,,,,,,,,,,,,,,
