Author,No. Papers,Notes,OA_Profile,OA_ID,ORCID,Display_name,Display_name_alternatives,works_count,cited_by_count,2yr_mean_citedness,h_index,i10_index,affiliation_data,unique_affiliation_count,all_usa,some_usa,all_china,some_china,unique_country_count,all_countries,Most Recent Affiliation,Most Recent Affiliation Country,affiliation_display_name_2025,affiliation_id_2025,affiliation_country_2025,affiliation_display_name_2024,affiliation_id_2024,affiliation_country_2024,affiliation_display_name_2023,affiliation_id_2023,affiliation_country_2023,affiliation_display_name_2022,affiliation_id_2022,affiliation_country_2022,affiliation_display_name_2021,affiliation_id_2021,affiliation_country_2021,affiliation_display_name_2020,affiliation_id_2020,affiliation_country_2020,affiliation_display_name_2019,affiliation_id_2019,affiliation_country_2019,affiliation_display_name_2018,affiliation_id_2018,affiliation_country_2018,affiliation_display_name_2017,affiliation_id_2017,affiliation_country_2017,affiliation_display_name_2016,affiliation_id_2016,affiliation_country_2016,affiliation_display_name_2015,affiliation_id_2015,affiliation_country_2015,affiliation_display_name_2014,affiliation_id_2014,affiliation_country_2014,affiliation_display_name_2013,affiliation_id_2013,affiliation_country_2013,affiliation_display_name_2012,affiliation_id_2012,affiliation_country_2012,affiliation_display_name_2011,affiliation_id_2011,affiliation_country_2011,affiliation_display_name_2010,affiliation_id_2010,affiliation_country_2010,affiliation_display_name_2009,affiliation_id_2009,affiliation_country_2009,affiliation_display_name_2008,affiliation_id_2008,affiliation_country_2008,affiliation_display_name_2007,affiliation_id_2007,affiliation_country_2007,affiliation_display_name_2006,affiliation_id_2006,affiliation_country_2006,affiliation_display_name_2005,affiliation_id_2005,affiliation_country_2005,affiliation_display_name_2004,affiliation_id_2004,affiliation_country_2004,affiliation_display_name_2003,affiliation_id_2003,affiliation_country_2003,affiliation_display_name_2002,affiliation_id_2002,affiliation_country_2002,affiliation_display_name_2001,affiliation_id_2001,affiliation_country_2001,affiliation_display_name_2000,affiliation_id_2000,affiliation_country_2000,affiliation_display_name_1999,affiliation_id_1999,affiliation_country_1999,affiliation_display_name_1997,affiliation_id_1997,affiliation_country_1997,affiliation_display_name_1995,affiliation_id_1995,affiliation_country_1995,affiliation_display_name_1994,affiliation_id_1994,affiliation_country_1994,affiliation_display_name_1993,affiliation_id_1993,affiliation_country_1993,affiliation_display_name_1992,affiliation_id_1992,affiliation_country_1992,affiliation_display_name_1991,affiliation_id_1991,affiliation_country_1991,affiliation_display_name_1990,affiliation_id_1990,affiliation_country_1990,affiliation_display_name_1989,affiliation_id_1989,affiliation_country_1989,affiliation_display_name_1988,affiliation_id_1988,affiliation_country_1988,affiliation_display_name_1987,affiliation_id_1987,affiliation_country_1987,affiliation_display_name_1986,affiliation_id_1986,affiliation_country_1986,affiliation_display_name_1985,affiliation_id_1985,affiliation_country_1985,affiliation_display_name_1984,affiliation_id_1984,affiliation_country_1984,affiliation_display_name_1983,affiliation_id_1983,affiliation_country_1983,affiliation_display_name_1982,affiliation_id_1982,affiliation_country_1982,affiliation_display_name_1981,affiliation_id_1981,affiliation_country_1981,affiliation_display_name_1978,affiliation_id_1978,affiliation_country_1978,affiliation_display_name_1977,affiliation_id_1977,affiliation_country_1977,affiliation_display_name_1975,affiliation_id_1975,affiliation_country_1975,affiliation_display_name_1974,affiliation_id_1974,affiliation_country_1974,affiliation_display_name_1973,affiliation_id_1973,affiliation_country_1973,affiliation_display_name_1972,affiliation_id_1972,affiliation_country_1972,affiliation_display_name_1971,affiliation_id_1971,affiliation_country_1971,affiliation_display_name_1970,affiliation_id_1970,affiliation_country_1970,affiliation_display_name_1969,affiliation_id_1969,affiliation_country_1969,affiliation_display_name_1968,affiliation_id_1968,affiliation_country_1968,affiliation_display_name_1967,affiliation_id_1967,affiliation_country_1967,affiliation_display_name_1966,affiliation_id_1966,affiliation_country_1966,affiliation_display_name_1965,affiliation_id_1965,affiliation_country_1965,affiliation_display_name_1964,affiliation_id_1964,affiliation_country_1964,affiliation_display_name_1904,affiliation_id_1904,affiliation_country_1904
A K Rathi,1,,https://openalex.org/A5113184302,A5113184302,,A K Rathi,"A. Rathi, A. K. Rathi, Advay Rathi, Ankur Rathi, Anushka Rathi",35,170,0.0,6,4,True,1,True,True,False,False,1,United States,Oak Ridge National Laboratory,United States,,,,,,,,,,,,,,,,,,,,,,,,,,,,,,,,,,,,,Oak Ridge National Laboratory,https://openalex.org/I1289243028,United States,,,,,,,,,,,,,,,,,,,,,,Oak Ridge National Laboratory,https://openalex.org/I1289243028,United States,,,,,,,,,,,,,,,,,,,Oak Ridge National Laboratory,https://openalex.org/I1289243028,United States,Oak Ridge National Laboratory,https://openalex.org/I1289243028,United States,Oak Ridge National Laboratory,https://openalex.org/I1289243028,United States,,,,,,,,,,,,,,,,,,,,,,,,,,,,,,,,,,,,,,,,,,,,,,,,,,,,,,,,,,,,,,,,,,,,,,,,,,,,,,,,,,,,
A. Callahan,1,,https://openalex.org/A5031192921,A5031192921,,A. Callahan,"Andrew C. Callahan, Anna Callahan, Andrew Callahan, Andrew Charles Callahan, A. C. Callahan, A. Callahan",33,269,2.0,10,11,True,5,True,True,False,False,1,United States,Temple University,United States,,,,Temple University,https://openalex.org/I84392919,United States,,,,,,,,,,,,,,,,,,,,,,,,,,,,,,,,,,,,,,,,,,,,,,,,,,,,,,,RTX (United States),https://openalex.org/I1306686416,United States,,,,,,,,,,Rochester Institute of Technology,https://openalex.org/I155173764,United States,,,,,,,,,,,,,,,,,,,,,,,,,,,,,,,,,,,,,,,,,,,,,,RTX (United States),https://openalex.org/I1306686416,United States,,,,RTX (United States),https://openalex.org/I1306686416,United States,,,,,,,,,,RTX (United States),https://openalex.org/I1306686416,United States,,,,,,,Johns Hopkins University,https://openalex.org/I145311948,United States,,,,Johns Hopkins University,https://openalex.org/I145311948,United States,Johns Hopkins University,https://openalex.org/I145311948,United States,Johns Hopkins University,https://openalex.org/I145311948,United States,University of Wisconsin–Madison,https://openalex.org/I135310074,United States,University of Wisconsin–Madison,https://openalex.org/I135310074,United States,University of Wisconsin–Madison,https://openalex.org/I135310074,United States,,,
Adam S. Jermyn,1,,https://openalex.org/A5043387043,A5043387043,https://orcid.org/0000-0001-5048-9973,Adam S. Jermyn,"Adam Jermyn, Adam S. Jermyn, A Jermyn, A. S. Jermyn, Adam Sean Jermyn",152,3439,3.8666666666666663,22,41,True,5,False,True,False,False,3,"Russia, United Kingdom, United States",Flatiron Institute,United States,,,,Flatiron Institute,https://openalex.org/I4387153999,United States,"University of California, Santa Barbara",https://openalex.org/I154570441,United States,University of Cambridge,https://openalex.org/I241749,United Kingdom,Flatiron Institute,https://openalex.org/I4387153999,United States,Institute of Astronomy,https://openalex.org/I4210121240,Russia,Valparaiso University,https://openalex.org/I149744451,United States,University of Cambridge,https://openalex.org/I241749,United Kingdom,University of Cambridge,https://openalex.org/I241749,United Kingdom,University of Cambridge,https://openalex.org/I241749,United Kingdom,,,,,,,,,,,,,,,,,,,,,,,,,,,,,,,,,,,,,,,,,,,,,,,,,,,,,,,,,,,,,,,,,,,,,,,,,,,,,,,,,,,,,,,,,,,,,,,,,,,,,,,,,,,,,,,,,,,,,,,,,,,,,,,,,,,,,,,,,,,,,,,,
Akbir Khan,1,,https://openalex.org/A5084386381,A5084386381,,Akbir Khan,Akbir Khan,17,41,1.6,3,1,True,1,False,False,False,False,1,United Kingdom,University of Cambridge,United Kingdom,,,,,,,,,,,,,,,,,,,University of Cambridge,https://openalex.org/I241749,United Kingdom,,,,,,,,,,,,,,,,,,,,,,,,,,,,,,,,,,,,,,,,,,,,,,,,,,,,,,,,,,,,,,,,,,,,,,,,,,,,,,,,,,,,,,,,,,,,,,,,,,,,,,,,,,,,,,,,,,,,,,,,,,,,,,,,,,,,,,,,,,,,,,,,,,,,,,,,,
Alex Tamkin,5,,https://openalex.org/A5081558429,A5081558429,https://orcid.org/0009-0006-0007-3746,Alex Tamkin,Alex Tamkin,47,2158,2.65,12,15,True,2,True,True,False,False,1,United States,Stanford University,United States,Stanford University,https://openalex.org/I97018004,United States,,,,Stanford University,https://openalex.org/I97018004,United States,North Carolina State University,https://openalex.org/I137902535,United States,Stanford University,https://openalex.org/I97018004,United States,Stanford University,https://openalex.org/I97018004,United States,Stanford University,https://openalex.org/I97018004,United States,,,,,,,,,,,,,,,,,,,,,,,,,,,,,,,,,,,,,,,,,,,,,,,,,,,,,,,,,,,,,,,,,,,,,,,,,,,,,,,,,,,,,,,,,,,,,,,,,,,,,,,,,,,,,,,,,,,,,,,,,,,,,,,,,,,,,,,,,,,,,,,,,,,,,,,,,
Alfred Mountfield,1,,https://openalex.org/A5115560627,A5115560627,,Alfred Mountfield,Alfred Mountfield,1,3,0.0,1,0,False,0,False,False,False,False,0,,,,,,,,,,,,,,,,,,,,,,,,,,,,,,,,,,,,,,,,,,,,,,,,,,,,,,,,,,,,,,,,,,,,,,,,,,,,,,,,,,,,,,,,,,,,,,,,,,,,,,,,,,,,,,,,,,,,,,,,,,,,,,,,,,,,,,,,,,,,,,,,,,,,,,,,,,,,,,,,,,,,,,,,,,,,,,,,,
Amanda Askell,5,,https://openalex.org/A5030305998,A5030305998,,Amanda Askell,Amanda Askell,41,25460,85.36842105263158,23,29,True,2,True,True,False,False,1,United States,New York University,United States,,,,New York University,https://openalex.org/I57206974,United States,,,,University of Minnesota System,https://openalex.org/I2800403580,United States,,,,,,,,,,,,,,,,,,,,,,,,,,,,,,,,,,,,,,,,,,,,,,,,,,,,,,,,,,,,,,,,,,,,,,,,,,,,,,,,,,,,,,,,,,,,,,,,,,,,,,,,,,,,,,,,,,,,,,,,,,,,,,,,,,,,,,,,,,,,,,,,,,,,,,,,,,,,,,,,,,
Amirhossein Tajdini,1,,https://openalex.org/A5034337006,A5034337006,https://orcid.org/0000-0001-5055-0930,Amirhossein Tajdini,Amirhossein Tajdini,23,2664,4.833333333333333,14,16,True,3,True,True,False,False,1,United States,"University of California, Santa Barbara",United States,,,,,,,"University of California, Santa Barbara",https://openalex.org/I154570441,United States,"University of California, Santa Barbara",https://openalex.org/I154570441,United States,Institute for Advanced Study,https://openalex.org/I40036882,United States,Cornell University,https://openalex.org/I205783295,United States,Cornell University,https://openalex.org/I205783295,United States,Cornell University,https://openalex.org/I205783295,United States,Cornell University,https://openalex.org/I205783295,United States,,,,,,,,,,,,,,,,,,,,,,,,,,,,,,,,,,,,,,,,,,,,,,,,,,,,,,,,,,,,,,,,,,,,,,,,,,,,,,,,,,,,,,,,,,,,,,,,,,,,,,,,,,,,,,,,,,,,,,,,,,,,,,,,,,,,,,,,,,,,,,,,,,,
Anna Chen,1,,https://openalex.org/A5056436767,A5056436767,https://orcid.org/0000-0002-5946-6572,Anna Chen,"Chen Anna, A. Chen, Anna Chen, An‐Na Chen",201,4234,9.2,34,75,True,4,False,True,False,True,3,"Austria, China, United States",Broad Institute,United States,Broad Institute,https://openalex.org/I107606265,United States,Comprehensive Cancer Center Vienna,https://openalex.org/I4210092129,Austria,Ocean University of China,https://openalex.org/I59028903,China,Central China Normal University,https://openalex.org/I40963666,China,Central China Normal University,https://openalex.org/I40963666,China,,,,,,,,,,,,,,,,,,,,,,,,,,,,,,,,,,,,,,,,,,,,,,,,,,,,,,,,,,,,,,,,,,,,,,,,,,,,,,,,,,,,,,,,,,,,,,,,,,,,,,,,,,,,,,,,,,,,,,,,,,,,,,,,,,,,,,,,,,,,,,,,,,,,,,,,,,,,,,,
Anna Goldie,1,,https://openalex.org/A5088885573,A5088885573,https://orcid.org/0000-0002-4887-6293,Anna Goldie,"Anna Darling Goldie, Anna Goldie",39,1981,14.11111111111111,17,19,True,3,False,True,False,False,2,"United Kingdom, United States",Stanford University,United States,,,,Stanford University,https://openalex.org/I97018004,United States,,,,Google (United States),https://openalex.org/I1291425158,United States,Google (United States),https://openalex.org/I1291425158,United States,Google (United States),https://openalex.org/I1291425158,United States,Google (United States),https://openalex.org/I1291425158,United States,Google (United States),https://openalex.org/I1291425158,United States,Google (United States),https://openalex.org/I1291425158,United States,,,,,,,,,,,,,,,,,,,,,,Google (United States),https://openalex.org/I1291425158,United States,,,,,,,,,,,,,Transnational Press London,https://openalex.org/I4392021135,United Kingdom,,,,,,,,,,,,,,,,,,,,,,,,,,,,,,,,,,,,,,,,,,,,,,,,,,,,,,,,,,,,,,,,,,,,,,,,,,,,,,,,,,,,,,,,,,,,,,,,,,,,,,,,,,,,
Ansh Radhakrishnan,1,,https://openalex.org/A5104228508,A5104228508,,Ansh Radhakrishnan,Ansh Radhakrishnan,5,40,6.0,4,2,False,0,False,False,False,False,0,,,,,,,,,,,,,,,,,,,,,,,,,,,,,,,,,,,,,,,,,,,,,,,,,,,,,,,,,,,,,,,,,,,,,,,,,,,,,,,,,,,,,,,,,,,,,,,,,,,,,,,,,,,,,,,,,,,,,,,,,,,,,,,,,,,,,,,,,,,,,,,,,,,,,,,,,,,,,,,,,,,,,,,,,,,,,,,,,
Anton Bakhtin,1,,https://openalex.org/A5024680544,A5024680544,https://orcid.org/0000-0002-3320-2341,Anton Bakhtin,"Anton Bakhtin, A. V. Bakhtin",41,2493,15.4,16,18,True,5,False,True,False,False,4,"Israel, Russia, Tajikistan, United States",Meta (Israel),Israel,,,,,,,,,,,,,Meta (Israel),https://openalex.org/I2252078561,Israel,Moscow State University,https://openalex.org/I4210150146,Tajikistan,Meta (Israel),https://openalex.org/I2252078561,Israel,,,,Google (United States),https://openalex.org/I1291425158,United States,Google (United States),https://openalex.org/I1291425158,United States,,,,,,,Yandex (Russia),https://openalex.org/I58957048,Russia,,,,,,,Moscow State University of Fine Chemical Technologies,https://openalex.org/I208875869,Russia,,,,,,,,,,,,,,,,,,,,,,,,,,,,,,,,,,,,,,,,,,,,,,,,,,,,,,,,,,,,,,,,,,,,,,,,,,,,,,,,,,,,,,,,,,,,,,,,,,,,,,,,,,,,,,,,,,,,,,,,,,,,,,
Avital Balwit,1,,https://openalex.org/A5093123090,A5093123090,,Avital Balwit,Avital Balwit,1,4,2.0,1,0,False,0,False,False,False,False,0,,,,,,,,,,,,,,,,,,,,,,,,,,,,,,,,,,,,,,,,,,,,,,,,,,,,,,,,,,,,,,,,,,,,,,,,,,,,,,,,,,,,,,,,,,,,,,,,,,,,,,,,,,,,,,,,,,,,,,,,,,,,,,,,,,,,,,,,,,,,,,,,,,,,,,,,,,,,,,,,,,,,,,,,,,,,,,,,,
Azalia Mirhoseini,1,,https://openalex.org/A5070731184,A5070731184,https://orcid.org/0000-0002-2440-0944,Azalia Mirhoseini,"Azalia Mirhoseini, A. Mirhoseini",98,3637,13.416666666666666,24,40,True,4,False,True,False,True,2,"China, United States",Stanford University,United States,,,,Stanford University,https://openalex.org/I97018004,United States,,,,Google (United States),https://openalex.org/I1291425158,United States,Google (United States),https://openalex.org/I1291425158,United States,Google (United States),https://openalex.org/I1291425158,United States,Google (United States),https://openalex.org/I1291425158,United States,Google (United States),https://openalex.org/I1291425158,United States,Rice University,https://openalex.org/I74775410,United States,"Hunan University of Humanities, Science and Technology",https://openalex.org/I257545875,China,Rice University,https://openalex.org/I74775410,United States,,,,Rice University,https://openalex.org/I74775410,United States,Rice University,https://openalex.org/I74775410,United States,Rice University,https://openalex.org/I74775410,United States,Rice University,https://openalex.org/I74775410,United States,,,,,,,,,,,,,,,,,,,,,,,,,,,,,,,,,,,,,,,,,,,,,,,,,,,,,,,,,,,,,,,,,,,,,,,,,,,,,,,,,,,,,,,,,,,,,,,,,,,,,,,,,,,,,,,,,,,,,,,,,,,,,,
B. T. McLean,1,,https://openalex.org/A5113030770,A5113030770,,B. T. McLean,"B. T. McLean, Brayden McLean",13,102,2.0,5,3,False,0,False,False,False,False,0,,,,,,,,,,,,,,,,,,,,,,,,,,,,,,,,,,,,,,,,,,,,,,,,,,,,,,,,,,,,,,,,,,,,,,,,,,,,,,,,,,,,,,,,,,,,,,,,,,,,,,,,,,,,,,,,,,,,,,,,,,,,,,,,,,,,,,,,,,,,,,,,,,,,,,,,,,,,,,,,,,,,,,,,,,,,,,,,,
Benjamin Fletcher Wright,1,,https://openalex.org/A5017222164,A5017222164,,Benjamin Fletcher Wright,"Benjamin Wright, Benjamin Fletcher Wright",19,130,0.0,6,4,True,1,False,False,False,False,1,United Kingdom,Priory Hospital Chelmsford,United Kingdom,,,,,,,,,,,,,,,,,,,,,,,,,,,,,,,,,,,,,,,,,,,,,,,,,,,,,,,,,,,,,,,,,,,,,,,,,,,,,,,,,,,,,,,,,,,,,,,,,,,,,,,,,,,,,,,,,,,,,,,,,,,,,,,,,,,,,,,,,,,,,,,,,,,,,,,,,,,,,,,,,,,,,,,,,,,,Priory Hospital Chelmsford,https://openalex.org/I4210117817,United Kingdom
Benoit Steiner,1,,https://openalex.org/A5028992619,A5028992619,https://orcid.org/0000-0002-5767-4976,Benoit Steiner,"Benoit Steiner, B. Steiner",35,50397,3.0,15,17,True,5,False,True,False,False,4,"Canada, Israel, Japan, United States",Alpha Omega Alpha Medical Honor Society,United States,,,,,,,Alpha Omega Alpha Medical Honor Society,https://openalex.org/I3197470489,United States,,,,Meta (Israel),https://openalex.org/I2252078561,Israel,Meta (Israel),https://openalex.org/I2252078561,Israel,NTT (Japan),https://openalex.org/I2251713219,Japan,Microsoft Research Montréal (Canada),https://openalex.org/I4402554038,Canada,Google (United States),https://openalex.org/I1291425158,United States,Google (United States),https://openalex.org/I1291425158,United States,,,,,,,,,,,,,,,,,,,,,,,,,,,,,,,,,,,,,,,,,,,,,,,,,,,,,,,,,,,,,,,,,,,,,,,,,,,,,,,,,,,,,,,,,,,,,,,,,,,,,,,,,,,,,,,,,,,,,,,,,,,,,,,,,,,,,,,,,,,,,,,,
Brian Clarke,1,,https://openalex.org/A5075321113,A5075321113,,Brian Clarke,"Brian Clarke, Brian C Clarke",6,30,0.0,3,1,True,1,True,True,False,False,1,United States,Joyson Safety Systems (United States),United States,,,,,,,,,,,,,,,,,,,,,,,,,,,,,,,,,,,,,,,,Joyson Safety Systems (United States),https://openalex.org/I4210105244,United States,Joyson Safety Systems (United States),https://openalex.org/I4210105244,United States,,,,,,,,,,,,,,,,,,,,,,,,,,,,,,,,,,,,,,,,,,,,,,,,,,,,,,,,,,,,,,,,,,,,,,,,,,,,,,,,,,,,,,,,,,,,,,,,,,,,,,,,,,,,,,,,,,,,,,,,,,,,,,,,,
Buck Shlegeris,3,,https://openalex.org/A5050408969,A5050408969,,Buck Shlegeris,Buck Shlegeris,12,32,1.25,3,1,False,0,False,False,False,False,0,,,,,,,,,,,,,,,,,,,,,,,,,,,,,,,,,,,,,,,,,,,,,,,,,,,,,,,,,,,,,,,,,,,,,,,,,,,,,,,,,,,,,,,,,,,,,,,,,,,,,,,,,,,,,,,,,,,,,,,,,,,,,,,,,,,,,,,,,,,,,,,,,,,,,,,,,,,,,,,,,,,,,,,,,,,,,,,,,
Carol Chen,1,,https://openalex.org/A5019382510,A5019382510,,Carol Chen,Carol Chen,4,294,28.0,4,3,False,0,False,False,False,False,0,,,,,,,,,,,,,,,,,,,,,,,,,,,,,,,,,,,,,,,,,,,,,,,,,,,,,,,,,,,,,,,,,,,,,,,,,,,,,,,,,,,,,,,,,,,,,,,,,,,,,,,,,,,,,,,,,,,,,,,,,,,,,,,,,,,,,,,,,,,,,,,,,,,,,,,,,,,,,,,,,,,,,,,,,,,,,,,,,
Carson Denison,3,,https://openalex.org/A5079864698,A5079864698,,Carson Denison,Carson Denison,8,37,4.0,3,2,False,0,False,False,False,False,0,,,,,,,,,,,,,,,,,,,,,,,,,,,,,,,,,,,,,,,,,,,,,,,,,,,,,,,,,,,,,,,,,,,,,,,,,,,,,,,,,,,,,,,,,,,,,,,,,,,,,,,,,,,,,,,,,,,,,,,,,,,,,,,,,,,,,,,,,,,,,,,,,,,,,,,,,,,,,,,,,,,,,,,,,,,,,,,,,
Cassie Evraets,1,,https://openalex.org/A5093123089,A5093123089,,Cassie Evraets,Cassie Evraets,1,4,2.0,1,0,False,0,False,False,False,False,0,,,,,,,,,,,,,,,,,,,,,,,,,,,,,,,,,,,,,,,,,,,,,,,,,,,,,,,,,,,,,,,,,,,,,,,,,,,,,,,,,,,,,,,,,,,,,,,,,,,,,,,,,,,,,,,,,,,,,,,,,,,,,,,,,,,,,,,,,,,,,,,,,,,,,,,,,,,,,,,,,,,,,,,,,,,,,,,,,
Catherine Olsson,1,,https://openalex.org/A5108225540,A5108225540,,Catherine Olsson,"Catherine Olsson, C. Olsson, Catherine Anne White Olsson",49,10549,22.5625,24,28,True,7,False,True,False,False,3,"Australia, Sweden, United States",New York University,United States,,,,,,,New York University,https://openalex.org/I57206974,United States,Murdoch Children's Research Institute,https://openalex.org/I4210150290,Australia,AnthroTronix (United States),https://openalex.org/I4210115175,United States,,,,,,,New York University,https://openalex.org/I57206974,United States,,,,,,,Massachusetts Institute of Technology,https://openalex.org/I63966007,United States,,,,,,,Novita,https://openalex.org/I4210119946,Australia,Novita,https://openalex.org/I4210119946,Australia,Novita,https://openalex.org/I4210119946,Australia,,,,Novita,https://openalex.org/I4210119946,Australia,,,,Helsingborgs lasarett,https://openalex.org/I4210132623,Sweden,,,,Lund University,https://openalex.org/I187531555,Sweden,,,,,,,,,,,,,,,,,,,,,,,,,,,,,,,,,,,,,,,,,,,,,,,,,,,,,,,,,,,,,,,,,,,,,,,,,,,,,,,,,,,,,,,,,,,,,,,,,,,,,,,,,,,,
Cem Anil,2,,https://openalex.org/A5113854698,A5113854698,,Cem Anil,Cem Anil,23,1406,14.2,12,12,True,2,False,False,False,False,2,"Canada, United Kingdom",University of Toronto,Canada,,,,,,,,,,University of Toronto,https://openalex.org/I185261750,Canada,University of Toronto,https://openalex.org/I185261750,Canada,,,,Nvidia (United Kingdom),https://openalex.org/I1304085615,United Kingdom,University of Toronto,https://openalex.org/I185261750,Canada,,,,,,,,,,,,,,,,,,,,,,,,,,,,,,,,,,,,,,,,,,,,,,,,,,,,,,,,,,,,,,,,,,,,,,,,,,,,,,,,,,,,,,,,,,,,,,,,,,,,,,,,,,,,,,,,,,,,,,,,,,,,,,,,,,,,,,,,,,,,,,,,,,,,,,
Da Yan,1,,https://openalex.org/A5044218586,A5044218586,https://orcid.org/0000-0003-2399-723X,Da Yan,"Da Chen Yan, Yan Da, Yan D., D. Yan, Da Yan",395,12453,6.549450549450549,58,157,True,6,False,True,False,True,2,"China, United States",Tsinghua University,China,Tsinghua University,https://openalex.org/I99065089,China,Zhengzhou University,https://openalex.org/I38877650,China,Xinyang College of Agriculture and Forestry,https://openalex.org/I38756568,China,Binzhou University,https://openalex.org/I151013683,China,Binzhou Medical University,https://openalex.org/I134841294,China,Tsinghua University,https://openalex.org/I99065089,China,Tsinghua University,https://openalex.org/I99065089,China,Tsinghua University,https://openalex.org/I99065089,China,University of Alabama at Birmingham,https://openalex.org/I32389192,United States,Tsinghua University,https://openalex.org/I99065089,China,,,,,,,,,,,,,,,,,,,,,,,,,,,,,,,,,,,,,,,,,,,,,,,,,,,,,,,,,,,,,,,,,,,,,,,,,,,,,,,,,,,,,,,,,,,,,,,,,,,,,,,,,,,,,,,,,,,,,,,,,,,,,,,,,,,,,,,,,,,,,,,,
Daniel M. Ziegler,1,,https://openalex.org/A5109551394,A5109551394,,Daniel M. Ziegler,"Daniel Martin Ziegler, Daniel M. Ziegler, D. Ziegler, Daniel Ziegler, D.M Ziegler, D. M. Ziegler, DanielM. Ziegler",175,25075,0.7142857142857143,55,114,True,3,False,True,False,False,3,"Germany, United Kingdom, United States",Fraunhofer Institute for Industrial Engineering,Germany,,,,,,,Fraunhofer Institute for Industrial Engineering,https://openalex.org/I3020504353,Germany,American Jewish Committee,https://openalex.org/I1325517477,United States,University of Sheffield,https://openalex.org/I91136226,United Kingdom,,,,,,,,,,,,,,,,,,,,,,,,,,,,,,,,,,,,,,,,,,,,,,,,,,,,,,,,,,,,,,,,,,,,,,,,,,,,,,,,,,,,,,,,,,,,,,,,,,,,,,,,,,,,,,,,,,,,,,,,,,,,,,,,,,,,,,,,,,,,,,,,,,,,,,,,,,,,,,,
Danny Hernandez,1,,https://openalex.org/A5030442997,A5030442997,,Danny Hernandez,Danny Hernandez,15,1421,40.125,10,10,True,1,True,True,False,False,1,United States,OpenAI (United States),United States,,,,,,,,,,,,,,,,OpenAI (United States),https://openalex.org/I4210161460,United States,,,,,,,,,,,,,,,,,,,,,,,,,,,,,,,,,,,,,,,,,,,,,,,,,,,,,,,,,,,,,,,,,,,,,,,,,,,,,,,,,,,,,,,,,,,,,,,,,,,,,,,,,,,,,,,,,,,,,,,,,,,,,,,,,,,,,,,,,,,,,,,,,,,,,,,,,,,,
David Duvenaud,4,,https://openalex.org/A5030409494,A5030409494,,David Duvenaud,"David K. Duvenaud, David Kristjanson Duvenaud, David Duvenaud",152,16568,3.0,53,97,True,8,False,True,False,False,4,"Canada, South Sudan, United Kingdom, United States",University of Toronto,Canada,,,,,,,,,,,,,University of Toronto,https://openalex.org/I185261750,Canada,University of Toronto,https://openalex.org/I185261750,Canada,Vector Institute,https://openalex.org/I4210127509,Canada,University of New Brunswick,https://openalex.org/I106938459,Canada,University of Toronto,https://openalex.org/I185261750,Canada,Harvard University,https://openalex.org/I136199984,United States,Harvard University Press,https://openalex.org/I2801851002,United States,Bridge University,https://openalex.org/I4210096386,South Sudan,University of Cambridge,https://openalex.org/I241749,United Kingdom,University of Cambridge,https://openalex.org/I241749,United Kingdom,University of British Columbia,https://openalex.org/I141945490,Canada,University of British Columbia,https://openalex.org/I141945490,Canada,,,,University of British Columbia,https://openalex.org/I141945490,Canada,,,,,,,,,,,,,,,,,,,,,,,,,,,,,,,,,,,,,,,,,,,,,,,,,,,,,,,,,,,,,,,,,,,,,,,,,,,,,,,,,,,,,,,,,,,,,,,,,,,,,,,,,,,,,,,,,,,,,,,,
Deep Ganguli,4,,https://openalex.org/A5006294201,A5006294201,https://orcid.org/0009-0007-9435-3817,Deep Ganguli,Deep Ganguli,33,2265,31.5625,18,22,True,2,True,True,False,False,1,United States,Courant Institute of Mathematical Sciences,United States,,,,,,,,,,,,,,,,,,,,,,,,,,,,,,,,,,Courant Institute of Mathematical Sciences,https://openalex.org/I36672615,United States,,,,,,,,,,New York University,https://openalex.org/I57206974,United States,,,,,,,,,,,,,,,,,,,,,,,,,,,,,,,,,,,,,,,,,,,,,,,,,,,,,,,,,,,,,,,,,,,,,,,,,,,,,,,,,,,,,,,,,,,,,,,,,,,,,,,,,,,,,,,,,,,,,,,,,,,,,,
Dustin Li,1,,https://openalex.org/A5077427160,A5077427160,,Dustin Li,Dustin Li,5,147,11.0,5,5,False,0,False,False,False,False,0,,,,,,,,,,,,,,,,,,,,,,,,,,,,,,,,,,,,,,,,,,,,,,,,,,,,,,,,,,,,,,,,,,,,,,,,,,,,,,,,,,,,,,,,,,,,,,,,,,,,,,,,,,,,,,,,,,,,,,,,,,,,,,,,,,,,,,,,,,,,,,,,,,,,,,,,,,,,,,,,,,,,,,,,,,,,,,,,,
Eli Tran-Johnson,1,,https://openalex.org/A5072334146,A5072334146,,Eli Tran-Johnson,Eli Tran‐Johnson,3,268,33.333333333333336,3,2,False,0,False,False,False,False,0,,,,,,,,,,,,,,,,,,,,,,,,,,,,,,,,,,,,,,,,,,,,,,,,,,,,,,,,,,,,,,,,,,,,,,,,,,,,,,,,,,,,,,,,,,,,,,,,,,,,,,,,,,,,,,,,,,,,,,,,,,,,,,,,,,,,,,,,,,,,,,,,,,,,,,,,,,,,,,,,,,,,,,,,,,,,,,,,,
Esin Durmus,6,,https://openalex.org/A5001994692,A5001994692,https://orcid.org/0009-0009-7331-8160,Esin Durmus,Esin Durmus,56,3325,8.703703703703704,22,30,True,3,True,True,False,False,1,United States,Stanford University,United States,,,,Stanford University,https://openalex.org/I97018004,United States,Stanford University,https://openalex.org/I97018004,United States,Stanford University,https://openalex.org/I97018004,United States,Cornell University,https://openalex.org/I205783295,United States,George Washington University,https://openalex.org/I193531525,United States,Cornell University,https://openalex.org/I205783295,United States,Cornell University,https://openalex.org/I205783295,United States,,,,,,,,,,,,,,,,,,,,,,,,,,,,,,,,,,,,,,,,,,,,,,,,,,,,,,,,,,,,,,,,,,,,,,,,,,,,,,,,,,,,,,,,,,,,,,,,,,,,,,,,,,,,,,,,,,,,,,,,,,,,,,,,,,,,,,,,,,,,,,,,,,,,,,
Ethan Perez,6,,https://openalex.org/A5091112967,A5091112967,,Ethan Perez,"E.D. Carpio Perez, Ethan Perez",74,5163,11.6875,23,36,True,6,False,True,False,False,3,"Algeria, Israel, United States",University of the Pacific,United States,,,,,,,University of the Pacific,https://openalex.org/I119942576,United States,University of Notre Dame,https://openalex.org/I107639228,United States,New York University,https://openalex.org/I57206974,United States,Meta (Israel),https://openalex.org/I2252078561,Israel,Meta (Israel),https://openalex.org/I2252078561,Israel,Centre Universitaire de Mila,https://openalex.org/I4210155582,Algeria,Rice University,https://openalex.org/I74775410,United States,,,,,,,,,,,,,,,,,,,,,,,,,,,,,,,,,,,,,,,,,,,,,,,,,,,,,,,,,,,,,,,,,,,,,,,,,,,,,,,,,,,,,,,,,,,,,,,,,,,,,,,,,,,,,,,,,,,,,,,,,,,,,,,,,,,,,,,,,,,,,,,,,,,
Evan Hubinger,4,,https://openalex.org/A5025461840,A5025461840,,Evan Hubinger,Evan Hubinger,18,206,6.875,7,7,False,0,False,False,False,False,0,,,,,,,,,,,,,,,,,,,,,,,,,,,,,,,,,,,,,,,,,,,,,,,,,,,,,,,,,,,,,,,,,,,,,,,,,,,,,,,,,,,,,,,,,,,,,,,,,,,,,,,,,,,,,,,,,,,,,,,,,,,,,,,,,,,,,,,,,,,,,,,,,,,,,,,,,,,,,,,,,,,,,,,,,,,,,,,,,
Evan Miller,1,,https://openalex.org/A5038728659,A5038728659,,Evan Miller,"E. K. Miller, Evan Miller",3,6,0.0,2,0,False,0,False,False,False,False,0,,,,,,,,,,,,,,,,,,,,,,,,,,,,,,,,,,,,,,,,,,,,,,,,,,,,,,,,,,,,,,,,,,,,,,,,,,,,,,,,,,,,,,,,,,,,,,,,,,,,,,,,,,,,,,,,,,,,,,,,,,,,,,,,,,,,,,,,,,,,,,,,,,,,,,,,,,,,,,,,,,,,,,,,,,,,,,,,,
Fabien Roger,1,,https://openalex.org/A5028042353,A5028042353,,Fabien Roger,Fabien Roger,8,9,0.4,2,0,False,0,False,False,False,False,0,,,,,,,,,,,,,,,,,,,,,,,,,,,,,,,,,,,,,,,,,,,,,,,,,,,,,,,,,,,,,,,,,,,,,,,,,,,,,,,,,,,,,,,,,,,,,,,,,,,,,,,,,,,,,,,,,,,,,,,,,,,,,,,,,,,,,,,,,,,,,,,,,,,,,,,,,,,,,,,,,,,,,,,,,,,,,,,,,
Fazl Barez,2,,https://openalex.org/A5050436152,A5050436152,https://orcid.org/0009-0008-1889-6577,Fazl Barez,Fazl Barez,41,63,0.8235294117647058,4,2,True,2,False,False,False,False,2,"France, United Kingdom",University of Oxford,United Kingdom,University of Oxford,https://openalex.org/I40120149,United Kingdom,,,,Centre de Robotique,https://openalex.org/I4403386650,France,,,,,,,,,,,,,,,,,,,,,,,,,,,,,,,,,,,,,,,,,,,,,,,,,,,,,,,,,,,,,,,,,,,,,,,,,,,,,,,,,,,,,,,,,,,,,,,,,,,,,,,,,,,,,,,,,,,,,,,,,,,,,,,,,,,,,,,,,,,,,,,,,,,,,,,,,,,,,,,,,,,,,
Holden Karnofsky,1,,https://openalex.org/A5093713874,A5093713874,,Holden Karnofsky,Holden Karnofsky,2,15,0.0,1,1,False,0,False,False,False,False,0,,,,,,,,,,,,,,,,,,,,,,,,,,,,,,,,,,,,,,,,,,,,,,,,,,,,,,,,,,,,,,,,,,,,,,,,,,,,,,,,,,,,,,,,,,,,,,,,,,,,,,,,,,,,,,,,,,,,,,,,,,,,,,,,,,,,,,,,,,,,,,,,,,,,,,,,,,,,,,,,,,,,,,,,,,,,,,,,,
Jack A. Clark,1,,https://openalex.org/A5012713248,A5012713248,https://orcid.org/0000-0002-7424-1670,Jack A. Clark,"J. Clark, Jack Allen Clark, Jack A. Clark, J. A. Clark, Jack Clark",192,23630,11.590909090909092,57,124,True,6,False,True,False,False,2,"Belgium, United States",University of Arizona,United States,University of Arizona,https://openalex.org/I138006243,United States,Boston University,https://openalex.org/I111088046,United States,University of Arizona,https://openalex.org/I138006243,United States,Edith Nourse Rogers Memorial Veterans Hospital,https://openalex.org/I2800300635,United States,University of Antwerp,https://openalex.org/I149213910,Belgium,Boston University,https://openalex.org/I111088046,United States,Boston University,https://openalex.org/I111088046,United States,Bedford VA Research Corporation,https://openalex.org/I4210090056,United States,Massachusetts General Hospital,https://openalex.org/I4210087915,United States,Edith Nourse Rogers Memorial Veterans Hospital,https://openalex.org/I2800300635,United States,Edith Nourse Rogers Memorial Veterans Hospital,https://openalex.org/I2800300635,United States,Edith Nourse Rogers Memorial Veterans Hospital,https://openalex.org/I2800300635,United States,Edith Nourse Rogers Memorial Veterans Hospital,https://openalex.org/I2800300635,United States,Bedford VA Research Corporation,https://openalex.org/I4210090056,United States,Massachusetts General Hospital,https://openalex.org/I4210087915,United States,Edith Nourse Rogers Memorial Veterans Hospital,https://openalex.org/I2800300635,United States,Massachusetts General Hospital,https://openalex.org/I4210087915,United States,Edith Nourse Rogers Memorial Veterans Hospital,https://openalex.org/I2800300635,United States,Massachusetts General Hospital,https://openalex.org/I4210087915,United States,Massachusetts General Hospital,https://openalex.org/I4210087915,United States,,,,Massachusetts General Hospital,https://openalex.org/I4210087915,United States,Massachusetts General Hospital,https://openalex.org/I4210087915,United States,Bedford VA Research Corporation,https://openalex.org/I4210090056,United States,Massachusetts General Hospital,https://openalex.org/I4210087915,United States,,,,,,,,,,,,,,,,,,,,,,,,,,,,,,,,,,,,,,,,,,,,,,,,,,,,,,,,,,,,,,,,,,,,,,,,,,,,,,,,,,,,,,,,,,,,,,,,,,,
Jack Chen,1,,https://openalex.org/A5113648568,A5113648568,,Jack Chen,Jack Chen,2,26,0.0,2,1,True,1,False,False,False,False,1,Australia,Royal North Shore Hospital,Australia,,,,,,,,,,,,,,,,,,,,,,,,,,,,,,,,,,,,,,,,,,,,,,,,,,,,,,,,,,,,,,,,,,,,,,,,,,,,Royal North Shore Hospital,https://openalex.org/I2800079252,Australia,,,,,,,,,,,,,,,,,,,,,,,,,,,,,,,,,,,,,,,,,,,,,,,,,,,,,,,,,,,,,,,,,,,,,,,,,,,,,,,,,,,,,,,,,,,,,,,,
Jack Clark,1,,https://openalex.org/A5031107879,A5031107879,,Jack Clark,"J. F. Clark, Jack Clark",20,8311,28.0,13,15,True,1,True,True,False,False,1,United States,University of Minnesota System,United States,,,,,,,,,,University of Minnesota System,https://openalex.org/I2800403580,United States,,,,,,,,,,,,,,,,,,,,,,,,,,,,,,,,,,,,,,,,,,,,,,,,,,,,,,,,,,,,,,,,,,,,,,,,,,,,,,,,,,,,,,,,,,,,,,,,,,,,,,,,,,,,,,,,,,,,,,,,,,,,,,,,,,,,,,,,,,,,,,,,,,,,,,,,,,,,,,,,,,
Jack Clark,1,,https://openalex.org/A5067800460,A5067800460,,Jack Clark,Jack Clark,2,12,0.0,2,0,False,0,False,False,False,False,0,,,,,,,,,,,,,,,,,,,,,,,,,,,,,,,,,,,,,,,,,,,,,,,,,,,,,,,,,,,,,,,,,,,,,,,,,,,,,,,,,,,,,,,,,,,,,,,,,,,,,,,,,,,,,,,,,,,,,,,,,,,,,,,,,,,,,,,,,,,,,,,,,,,,,,,,,,,,,,,,,,,,,,,,,,,,,,,,,
Jackson Kernion,1,,https://openalex.org/A5057116059,A5057116059,,Jackson Kernion,Jackson Kernion,6,159,9.666666666666666,5,4,False,0,False,False,False,False,0,,,,,,,,,,,,,,,,,,,,,,,,,,,,,,,,,,,,,,,,,,,,,,,,,,,,,,,,,,,,,,,,,,,,,,,,,,,,,,,,,,,,,,,,,,,,,,,,,,,,,,,,,,,,,,,,,,,,,,,,,,,,,,,,,,,,,,,,,,,,,,,,,,,,,,,,,,,,,,,,,,,,,,,,,,,,,,,,,
Jamie Kerr,1,,https://openalex.org/A5081035645,A5081035645,,Jamie Kerr,"Jamie R. Kerr, Jamie Kerr",14,568,19.285714285714285,6,6,True,3,False,True,False,False,3,"Canada, United Kingdom, United States",University of Guelph,Canada,,,,,,,University of Guelph,https://openalex.org/I79817857,Canada,,,,,,,,,,,,,,,,,,,University of Aberdeen,https://openalex.org/I195460627,United Kingdom,University of Aberdeen,https://openalex.org/I195460627,United Kingdom,,,,,,,,,,,,,,,,,,,Catholic Family Center,https://openalex.org/I4210099742,United States,,,,,,,,,,,,,,,,,,,,,,,,,,,,,,,,,,,,,,,,,,,,,,,,,,,,,,,,,,,,,,,,,,,,,,,,,,,,,,,,,,,,,,,,,,,,,,,,,,,,,,,,,,,,,,,,,,,,,,,,
Jan Brauner,1,,https://openalex.org/A5030437398,A5030437398,https://orcid.org/0000-0002-1588-5724,Jan Brauner,"Jan Markus Brauner, Jan Brauner, Jan M. Brauner, J. Brauner, Jan M. Brauner, Jan Markus Brauner",56,2652,5.65,18,29,True,9,False,True,False,False,4,"Canada, Germany, United Kingdom, United States",University of Oxford,United Kingdom,University of Oxford,https://openalex.org/I40120149,United Kingdom,RAND Corporation,https://openalex.org/I1309849503,United States,Mila - Quebec Artificial Intelligence Institute,https://openalex.org/I4210164802,Canada,Gemeinschaftskrankenhaus Herdecke,https://openalex.org/I4210146035,Germany,Witten/Herdecke University,https://openalex.org/I155976169,Germany,Oxford Research Group,https://openalex.org/I2802123492,United Kingdom,,,,Medical Mission Institute,https://openalex.org/I4210106937,Germany,Friedrich-Alexander-Universität Erlangen-Nürnberg,https://openalex.org/I181369854,Germany,Universitätsklinikum Erlangen,https://openalex.org/I4210088053,Germany,,,,Friedrich-Alexander-Universität Erlangen-Nürnberg,https://openalex.org/I181369854,Germany,Friedrich-Alexander-Universität Erlangen-Nürnberg,https://openalex.org/I181369854,Germany,,,,,,,,,,,,,,,,,,,,,,,,,,,,,,,,,,,,,,,,,,,,,,,,,,,,,,,,,,,,,,,,,,,,,,,,,,,,,,,,,,,,,,,,,,,,,,,,,,,,,,,,,,,,,,,,,,,,,,,,,,,,,,,,,,,,,,,
Janel Thamkul,1,,https://openalex.org/A5092362960,A5092362960,,Janel Thamkul,Janel Thamkul,1,33,16.0,1,1,False,0,False,False,False,False,0,,,,,,,,,,,,,,,,,,,,,,,,,,,,,,,,,,,,,,,,,,,,,,,,,,,,,,,,,,,,,,,,,,,,,,,,,,,,,,,,,,,,,,,,,,,,,,,,,,,,,,,,,,,,,,,,,,,,,,,,,,,,,,,,,,,,,,,,,,,,,,,,,,,,,,,,,,,,,,,,,,,,,,,,,,,,,,,,,
Jared Kaplan,8,,https://openalex.org/A5053213601,A5053213601,,Jared Kaplan,"Jared Kaplan, J. Kaplan, J. I. Kaplan",136,27175,24.727272727272727,48,84,True,3,True,True,False,False,1,United States,Johns Hopkins University,United States,,,,Johns Hopkins University,https://openalex.org/I145311948,United States,,,,University of New Hampshire,https://openalex.org/I161057412,United States,Johns Hopkins University,https://openalex.org/I145311948,United States,Johns Hopkins University,https://openalex.org/I145311948,United States,Johns Hopkins University,https://openalex.org/I145311948,United States,Stanford University,https://openalex.org/I97018004,United States,Johns Hopkins University,https://openalex.org/I145311948,United States,Johns Hopkins University,https://openalex.org/I145311948,United States,Johns Hopkins University,https://openalex.org/I145311948,United States,Johns Hopkins University,https://openalex.org/I145311948,United States,Stanford University,https://openalex.org/I97018004,United States,,,,,,,Stanford University,https://openalex.org/I97018004,United States,,,,,,,,,,,,,,,,,,,,,,,,,,,,,,,,,,,,,,,,,,,,,,,,,,,,,,,,,,,,,,,,,,,,,,,,,,,,,,,,,,,,,,,,,,,,,,,,,,,,,,,,,,,,,,,,,,,,,,,,,,,,,,
Jared Mueller,1,,https://openalex.org/A5070762421,A5070762421,,Jared Mueller,Jared Mueller,4,123,11.333333333333334,3,3,False,0,False,False,False,False,0,,,,,,,,,,,,,,,,,,,,,,,,,,,,,,,,,,,,,,,,,,,,,,,,,,,,,,,,,,,,,,,,,,,,,,,,,,,,,,,,,,,,,,,,,,,,,,,,,,,,,,,,,,,,,,,,,,,,,,,,,,,,,,,,,,,,,,,,,,,,,,,,,,,,,,,,,,,,,,,,,,,,,,,,,,,,,,,,,
Jesse Mu,1,,https://openalex.org/A5060578216,A5060578216,,Jesse Mu,Jesse Mu,35,367,2.4,11,11,True,2,True,True,False,False,1,United States,Stanford University,United States,,,,,,,,,,,,,Stanford University,https://openalex.org/I97018004,United States,Stanford University,https://openalex.org/I97018004,United States,Boston College,https://openalex.org/I103531236,United States,,,,Boston College,https://openalex.org/I103531236,United States,,,,,,,,,,,,,,,,,,,,,,,,,,,,,,,,,,,,,,,,,,,,,,,,,,,,,,,,,,,,,,,,,,,,,,,,,,,,,,,,,,,,,,,,,,,,,,,,,,,,,,,,,,,,,,,,,,,,,,,,,,,,,,,,,,,,,,,,,,,,,,,,,,,
Jing Hong,1,,https://openalex.org/A5059202228,A5059202228,https://orcid.org/0000-0002-8079-2073,Jing Hong,"Hong Jing, J. Hong, Jerry Hong, Jyun‐Wei Hong, J.P. Hong, Jinzhu Hong, Jing Hong",227,1541,2.1904761904761907,21,47,True,6,False,False,False,True,2,"China, Japan",First Affiliated Hospital of Jinan University,China,First Affiliated Hospital of Jinan University,https://openalex.org/I4210162753,China,The University of Tokyo,https://openalex.org/I74801974,Japan,The University of Tokyo,https://openalex.org/I74801974,Japan,The University of Tokyo,https://openalex.org/I74801974,Japan,Peking University Third Hospital,https://openalex.org/I4210141942,China,Beijing Haidian Hospital,https://openalex.org/I4210161752,China,The University of Tokyo,https://openalex.org/I74801974,Japan,Ministry of Education of the People's Republic of China,https://openalex.org/I1327237609,China,Peking University Third Hospital,https://openalex.org/I4210141942,China,Peking University Third Hospital,https://openalex.org/I4210141942,China,,,,,,,,,,People's Hospital of Xinjiang Uygur Autonomous Region,https://openalex.org/I4210122141,China,,,,,,,,,,,,,,,,,,,,,,,,,,,,,,,,,,,,,,,,,,,,,,,,,,,,,,,,,,,,,,,,,,,,,,,,,,,,,,,,,,,,,,,,,,,,,,,,,,,,,,,,,,,,,,,,,,,,,,,,,,,,,,,,,,,,
Johannes Treutlein,1,,https://openalex.org/A5047456114,A5047456114,,Johannes Treutlein,Johannes Treutlein,18,25,0.5,3,0,True,3,False,False,False,False,2,"Canada, Germany",Vector Institute,Canada,,,,,,,,,,,,,Vector Institute,https://openalex.org/I4210127509,Canada,,,,,,,Verwaltungs-Berufsgenossenschaft,https://openalex.org/I4210114088,Germany,,,,,,,,,,,,,University Hospital Heidelberg,https://openalex.org/I2802164966,Germany,,,,,,,,,,,,,,,,,,,,,,,,,,,,,,,,,,,,,,,,,,,,,,,,,,,,,,,,,,,,,,,,,,,,,,,,,,,,,,,,,,,,,,,,,,,,,,,,,,,,,,,,,,,,,,,,,,,,,,,,,,,,,,,,,,,,,,,
Jonathan Uesato,1,,https://openalex.org/A5059226057,A5059226057,,Jonathan Uesato,Jonathan Uesato,54,4117,79.0,23,33,True,4,False,True,False,False,2,"United Kingdom, United States",DeepMind (United Kingdom),United Kingdom,,,,,,,,,,DeepMind (United Kingdom),https://openalex.org/I4210090411,United Kingdom,Google (United States),https://openalex.org/I1291425158,United States,Google (United States),https://openalex.org/I1291425158,United States,Google (United States),https://openalex.org/I1291425158,United States,Massachusetts Institute of Technology,https://openalex.org/I63966007,United States,IIT@MIT,https://openalex.org/I4210110987,United States,,,,,,,,,,,,,,,,,,,,,,,,,,,,,,,,,,,,,,,,,,,,,,,,,,,,,,,,,,,,,,,,,,,,,,,,,,,,,,,,,,,,,,,,,,,,,,,,,,,,,,,,,,,,,,,,,,,,,,,,,,,,,,,,,,,,,,,,,,,,,,,,,,,
Juhan Bae,1,,https://openalex.org/A5078051293,A5078051293,https://orcid.org/0000-0001-7600-9560,Juhan Bae,"Ju‐Yong Bae, Juhan Bae, J.H. Bae",29,86,3.142857142857143,6,3,True,6,False,True,False,False,3,"Canada, South Korea, United States",Vector Institute,Canada,,,,,,,,,,,,,Vector Institute,https://openalex.org/I4210127509,Canada,University of Toronto,https://openalex.org/I185261750,Canada,Epson (United States),https://openalex.org/I123919768,United States,University of Toronto,https://openalex.org/I185261750,Canada,,,,,,,,,,Hanyang University,https://openalex.org/I4575257,South Korea,Korea Electronics Technology Institute,https://openalex.org/I4210131650,South Korea,,,,,,,Samsung (South Korea),https://openalex.org/I2250650973,South Korea,,,,,,,,,,,,,,,,,,,,,,,,,,,,,,,,,,,,,,,,,,,,,,,,,,,,,,,,,,,,,,,,,,,,,,,,,,,,,,,,,,,,,,,,,,,,,,,,,,,,,,,,,,,,,,,,,,,,,,,,,,,,,,
Julian Michael,1,,https://openalex.org/A5072681909,A5072681909,,Julian Michael,"Michael Julian, Julian Michael",55,8844,4.583333333333333,18,22,True,4,False,True,False,False,2,"Israel, United States","University of California, Berkeley",United States,,,,,,,"University of California, Berkeley",https://openalex.org/I95457486,United States,University of Washington,https://openalex.org/I201448701,United States,Tel Aviv University,https://openalex.org/I16391192,Israel,University of Washington,https://openalex.org/I201448701,United States,University of Washington,https://openalex.org/I201448701,United States,New York University,https://openalex.org/I57206974,United States,University of Washington,https://openalex.org/I201448701,United States,University of Washington,https://openalex.org/I201448701,United States,,,,,,,,,,,,,,,,,,,,,,,,,,,,,,,,,,,,,,,,,,,,,,,,,,,,,,,,,,,,,,,,,,,,,,,,,,,,,,,,,,,,,,,,,,,,,,,,,,,,,,,,,,,,,,,,,,,,,,,,,,,,,,,,,,,,,,,,,,,,,,,,
Kamal Ndousse,3,,https://openalex.org/A5028970835,A5028970835,,Kamal Ndousse,Kamal Ndousse,23,1208,25.266666666666666,13,15,True,2,True,True,False,False,1,United States,AnthroTronix (United States),United States,,,,,,,AnthroTronix (United States),https://openalex.org/I4210115175,United States,,,,OpenAI (United States),https://openalex.org/I4210161460,United States,OpenAI (United States),https://openalex.org/I4210161460,United States,,,,,,,,,,,,,,,,,,,,,,,,,,,,,,,,,,,,,,,,,,,,,,,,,,,,,,,,,,,,,,,,,,,,,,,,,,,,,,,,,,,,,,,,,,,,,,,,,,,,,,,,,,,,,,,,,,,,,,,,,,,,,,,,,,,,,,,,,,,,,,,,,,,,,,,,,,,,
Kamilė Lukošiūtė,1,,https://openalex.org/A5025573579,A5025573579,https://orcid.org/0000-0002-0332-7899,Kamilė Lukošiūtė,"Kamile Lukosiute, K Lukošiute, Kamilė Lukošiūtė",15,247,5.571428571428571,7,7,True,1,False,False,False,False,1,The Netherlands,University of Amsterdam,The Netherlands,,,,,,,University of Amsterdam,https://openalex.org/I887064364,The Netherlands,University of Amsterdam,https://openalex.org/I887064364,The Netherlands,University of Amsterdam,https://openalex.org/I887064364,The Netherlands,,,,,,,,,,,,,,,,,,,,,,,,,,,,,,,,,,,,,,,,,,,,,,,,,,,,,,,,,,,,,,,,,,,,,,,,,,,,,,,,,,,,,,,,,,,,,,,,,,,,,,,,,,,,,,,,,,,,,,,,,,,,,,,,,,,,,,,,,,,,,,,,,,,,,,,,,,,,,,,
Karina Nguyen,3,,https://openalex.org/A5032805177,A5032805177,,Karina Nguyen,Karina Nguyen,9,178,8.11111111111111,6,5,False,0,False,False,False,False,0,,,,,,,,,,,,,,,,,,,,,,,,,,,,,,,,,,,,,,,,,,,,,,,,,,,,,,,,,,,,,,,,,,,,,,,,,,,,,,,,,,,,,,,,,,,,,,,,,,,,,,,,,,,,,,,,,,,,,,,,,,,,,,,,,,,,,,,,,,,,,,,,,,,,,,,,,,,,,,,,,,,,,,,,,,,,,,,,,
Karina Nyugen,1,,https://openalex.org/A5092362961,A5092362961,,Karina Nyugen,Karina Nyugen,1,33,16.0,1,1,False,0,False,False,False,False,0,,,,,,,,,,,,,,,,,,,,,,,,,,,,,,,,,,,,,,,,,,,,,,,,,,,,,,,,,,,,,,,,,,,,,,,,,,,,,,,,,,,,,,,,,,,,,,,,,,,,,,,,,,,,,,,,,,,,,,,,,,,,,,,,,,,,,,,,,,,,,,,,,,,,,,,,,,,,,,,,,,,,,,,,,,,,,,,,,
Kshitij Sachan,1,,https://openalex.org/A5084231398,A5084231398,,Kshitij Sachan,Kshitij Sachan,4,25,0.5,3,1,False,0,False,False,False,False,0,,,,,,,,,,,,,,,,,,,,,,,,,,,,,,,,,,,,,,,,,,,,,,,,,,,,,,,,,,,,,,,,,,,,,,,,,,,,,,,,,,,,,,,,,,,,,,,,,,,,,,,,,,,,,,,,,,,,,,,,,,,,,,,,,,,,,,,,,,,,,,,,,,,,,,,,,,,,,,,,,,,,,,,,,,,,,,,,,
Kunal Handa,1,,https://openalex.org/A5036181983,A5036181983,,Kunal Handa,"K Handa, Kunal Handa",12,33,1.1428571428571428,3,1,True,3,False,True,False,False,2,"India, United States",Google (United States),United States,,,,,,,Google (United States),https://openalex.org/I1291425158,United States,Brown University,https://openalex.org/I27804330,United States,SRM University,https://openalex.org/I4210131147,India,,,,,,,,,,,,,,,,,,,,,,,,,,,,,,,,,,,,,,,,,,,,,,,,,,,,,,,,,,,,,,,,,,,,,,,,,,,,,,,,,,,,,,,,,,,,,,,,,,,,,,,,,,,,,,,,,,,,,,,,,,,,,,,,,,,,,,,,,,,,,,,,,,,,,,,,,,,,,,,
Landon Goldberg,1,,https://openalex.org/A5015730722,A5015730722,,Landon Goldberg,Landon Goldberg,3,101,14.5,2,2,False,0,False,False,False,False,0,,,,,,,,,,,,,,,,,,,,,,,,,,,,,,,,,,,,,,,,,,,,,,,,,,,,,,,,,,,,,,,,,,,,,,,,,,,,,,,,,,,,,,,,,,,,,,,,,,,,,,,,,,,,,,,,,,,,,,,,,,,,,,,,,,,,,,,,,,,,,,,,,,,,,,,,,,,,,,,,,,,,,,,,,,,,,,,,,
Liane Lovitt,2,,https://openalex.org/A5026784501,A5026784501,,Liane Lovitt,Liane Lovitt,6,449,31.8,3,3,False,0,False,False,False,False,0,,,,,,,,,,,,,,,,,,,,,,,,,,,,,,,,,,,,,,,,,,,,,,,,,,,,,,,,,,,,,,,,,,,,,,,,,,,,,,,,,,,,,,,,,,,,,,,,,,,,,,,,,,,,,,,,,,,,,,,,,,,,,,,,,,,,,,,,,,,,,,,,,,,,,,,,,,,,,,,,,,,,,,,,,,,,,,,,,
Liane Lovitt,1,,https://openalex.org/A5085473601,A5085473601,,Liane Lovitt,Liane Lovitt,3,281,34.666666666666664,3,3,False,0,False,False,False,False,0,,,,,,,,,,,,,,,,,,,,,,,,,,,,,,,,,,,,,,,,,,,,,,,,,,,,,,,,,,,,,,,,,,,,,,,,,,,,,,,,,,,,,,,,,,,,,,,,,,,,,,,,,,,,,,,,,,,,,,,,,,,,,,,,,,,,,,,,,,,,,,,,,,,,,,,,,,,,,,,,,,,,,,,,,,,,,,,,,
Linda Petrini,1,,https://openalex.org/A5115560877,A5115560877,,Linda Petrini,Linda Petrini,2,5,0.0,1,0,False,0,False,False,False,False,0,,,,,,,,,,,,,,,,,,,,,,,,,,,,,,,,,,,,,,,,,,,,,,,,,,,,,,,,,,,,,,,,,,,,,,,,,,,,,,,,,,,,,,,,,,,,,,,,,,,,,,,,,,,,,,,,,,,,,,,,,,,,,,,,,,,,,,,,,,,,,,,,,,,,,,,,,,,,,,,,,,,,,,,,,,,,,,,,,
Logan Graham,1,,https://openalex.org/A5041121552,A5041121552,,Logan Graham,"Logan Graham, Graham Logan",8,319,0.0,5,5,True,2,False,False,False,False,2,"Australia, United Kingdom",University of Oxford,United Kingdom,,,,,,,,,,,,,,,,University of Oxford,https://openalex.org/I40120149,United Kingdom,Geoscience Australia,https://openalex.org/I1331816111,Australia,,,,,,,,,,,,,,,,,,,,,,,,,,,,,,,,,,,,,,,,,,,,,,,,,,,,,,,,,,,,,,,,,,,,,,,,,,,,,,,,,,,,,,,,,,,,,,,,,,,,,,,,,,,,,,,,,,,,,,,,,,,,,,,,,,,,,,,,,,,,,,,,,,,,,,,,,
Marina Favaro,1,,https://openalex.org/A5069116837,A5069116837,,Marina Favaro,"M. FÁVARO, Marina de Souza Filho Favaro, Marina Favaro",16,75,1.0,6,4,True,2,False,False,False,False,2,"Brazil, United Kingdom",RAND Europe,United Kingdom,,,,,,,,,,,,,,,,RAND Europe,https://openalex.org/I4210127042,United Kingdom,,,,,,,,,,,,,,,,,,,,,,Centro Universitário de Araraquara,https://openalex.org/I4210156688,Brazil,,,,,,,,,,,,,,,,,,,,,,,,,,,,,,,,,,,,,,,,,,,,,,,,,,,,,,,,,,,,,,,,,,,,,,,,,,,,,,,,,,,,,,,,,,,,,,,,,,,,,,,,,,,,,,,,,,,,,,,,,,,,,,,,,,,,
Meg Tong,2,,https://openalex.org/A5111092720,A5111092720,,Meg Tong,Meg Tong,7,72,7.75,4,3,False,0,False,False,False,False,0,,,,,,,,,,,,,,,,,,,,,,,,,,,,,,,,,,,,,,,,,,,,,,,,,,,,,,,,,,,,,,,,,,,,,,,,,,,,,,,,,,,,,,,,,,,,,,,,,,,,,,,,,,,,,,,,,,,,,,,,,,,,,,,,,,,,,,,,,,,,,,,,,,,,,,,,,,,,,,,,,,,,,,,,,,,,,,,,,
Michael E. Stern,1,,https://openalex.org/A5024092541,A5024092541,https://orcid.org/0000-0001-7466-1184,Michael E. Stern,"Michael Ethan Stern, M. Stern, M. E. Stern, Michael Stern, Michael E. Stern",306,15476,4.0,65,158,True,7,False,True,False,False,4,"Czechia, Germany, Spain, United States",NewYork–Presbyterian Hospital,United States,NewYork–Presbyterian Hospital,https://openalex.org/I1340179700,United States,Weill Cornell Medicine,https://openalex.org/I4387153466,United States,Weill Cornell Medicine,https://openalex.org/I4387153466,United States,Charles University,https://openalex.org/I21250087,Czechia,University of Cologne,https://openalex.org/I180923762,Germany,Weill Cornell Medicine,https://openalex.org/I4387153466,United States,Universidad de Valladolid,https://openalex.org/I108103353,Spain,Weill Cornell Medicine,https://openalex.org/I4387153466,United States,Weill Cornell Medicine,https://openalex.org/I4387153466,United States,Cornell University,https://openalex.org/I205783295,United States,Universidad de Valladolid,https://openalex.org/I108103353,Spain,,,,,,,Universidad de Valladolid,https://openalex.org/I108103353,Spain,,,,New York Hospital Queens,https://openalex.org/I2801107848,United States,,,,,,,,,,,,,,,,,,,Universidad de Valladolid,https://openalex.org/I108103353,Spain,,,,,,,,,,,,,,,,,,,,,,,,,,,,,,,,,,,,,,,,,,,,,,,,,,,,,,,,,,,,,,,,,,,,,,,,,,,,,,,,,,,,,,,,,,,,,,,,,,,,,,,,,
Michael Sellitto,1,,https://openalex.org/A5085932648,A5085932648,,Michael Sellitto,"Michael A. Sellitto, Michael Sellitto",14,612,18.571428571428573,9,9,True,2,True,True,False,False,1,United States,Dana-Farber Cancer Institute,United States,,,,,,,,,,,,,,,,,,,,,,,,,,,,,,,,,,,,,,,,Dana-Farber Cancer Institute,https://openalex.org/I4210117453,United States,Harvard University,https://openalex.org/I136199984,United States,,,,,,,,,,,,,,,,,,,,,,,,,,,,,,,,,,,,,,,,,,,,,,,,,,,,,,,,,,,,,,,,,,,,,,,,,,,,,,,,,,,,,,,,,,,,,,,,,,,,,,,,,,,,,,,,,,,,,,,,,,,,,,,,,
Mike Lambert,1,,https://openalex.org/A5103263684,A5103263684,https://orcid.org/0000-0002-9785-076X,Mike Lambert,"M. Lambert, Mike Lambert, Mike LAMBERT Yazar Soyadı",19,35,0.0,3,1,True,3,False,False,False,False,2,"Czechia, United Kingdom",University of Wolverhampton,United Kingdom,,,,,,,,,,,,,,,,University of Wolverhampton,https://openalex.org/I119664326,United Kingdom,,,,,,,,,,,,,,,,,,,,,,,,,Qinetiq (United Kingdom),https://openalex.org/I173869447,United Kingdom,,,,,,,University of Wolverhampton,https://openalex.org/I119664326,United Kingdom,,,,ENVItech Bohemia (Czechia),https://openalex.org/I4210139052,Czechia,University of Wolverhampton,https://openalex.org/I119664326,United Kingdom,,,,,,,,,,,,,,,,,,,,,,,,,,,,,,,,,,,,,,,,,,,,,,,,,,,,,,,,,,,,,,,,,,,,,,,,,,,,,,,,,,,,,,,,,,,,,,,,,,,,,,,,,,,,,,,
Miles McCain,1,,https://openalex.org/A5029616530,A5029616530,https://orcid.org/0000-0001-5326-9212,Miles McCain,"R. Miles McCain, Miles McCain",5,348,2.0,3,3,True,2,True,True,False,False,1,United States,Stanford University,United States,,,,,,,Stanford University,https://openalex.org/I97018004,United States,,,,,,,Palo Alto University,https://openalex.org/I1743320,United States,,,,,,,,,,,,,,,,,,,,,,,,,,,,,,,,,,,,,,,,,,,,,,,,,,,,,,,,,,,,,,,,,,,,,,,,,,,,,,,,,,,,,,,,,,,,,,,,,,,,,,,,,,,,,,,,,,,,,,,,,,,,,,,,,,,,,,,,,,,,,,,,,,,,,,,,,,,,
Miranda Zhang,1,,https://openalex.org/A5057999428,A5057999428,,Miranda Zhang,Miranda Zhang,18,555,13.666666666666666,12,12,True,3,False,False,False,False,1,Australia,Australian National University,Australia,,,,,,,,,,,,,,,,,,,,,,,,,Australian National University,https://openalex.org/I118347636,Australia,Australian National University,https://openalex.org/I118347636,Australia,Commonwealth Scientific and Industrial Research Organisation,https://openalex.org/I1292875679,Australia,Commonwealth Scientific and Industrial Research Organisation,https://openalex.org/I1292875679,Australia,Health Sciences and Nutrition,https://openalex.org/I4210101388,Australia,Commonwealth Scientific and Industrial Research Organisation,https://openalex.org/I1292875679,Australia,,,,,,,,,,,,,,,,,,,,,,,,,,,,,,,,,,,,,,,,,,,,,,,,,,,,,,,,,,,,,,,,,,,,,,,,,,,,,,,,,,,,,,,,,,,,,,,,,,,,,,,,,,,,,,,,,,,,,,,,,,,,,,,,,,,,
Monte MacDiarmid,3,,https://openalex.org/A5084608104,A5084608104,,Monte MacDiarmid,Monte MacDiarmid,9,57,0.0,4,3,True,2,False,False,False,False,1,United Kingdom,University of Oxford,United Kingdom,,,,,,,,,,,,,,,,,,,,,,,,,,,,,,,,,,,,,,,,,,,,,,,,,,,,University of Oxford,https://openalex.org/I40120149,United Kingdom,Science Oxford,https://openalex.org/I4210146410,United Kingdom,,,,,,,,,,,,,,,,,,,,,,,,,,,,,,,,,,,,,,,,,,,,,,,,,,,,,,,,,,,,,,,,,,,,,,,,,,,,,,,,,,,,,,,,,,,,,,,,,,,,,,,,,,,,,,,,,,,,,
Mrinank Sharma,2,,https://openalex.org/A5003223014,A5003223014,https://orcid.org/0000-0002-4304-7963,Mrinank Sharma,"Mrinank Sharma, M. B. Sharma, M. Sharma",37,1888,7.7,13,16,True,4,False,False,False,False,2,"India, United Kingdom","Dr. D. Y. Patil Medical College, Hospital and Research Centre",India,,,,"Dr. D. Y. Patil Medical College, Hospital and Research Centre",https://openalex.org/I4210089305,India,University of Oxford,https://openalex.org/I40120149,United Kingdom,University of Petroleum and Energy Studies,https://openalex.org/I5847235,India,University of Oxford,https://openalex.org/I40120149,United Kingdom,Science Oxford,https://openalex.org/I4210146410,United Kingdom,University of Oxford,https://openalex.org/I40120149,United Kingdom,,,,,,,,,,,,,,,,,,,,,,,,,,,,,,,,,,,,,,,,,,,,,,,,,,,,,,,,,,,,,,,,,,,,,,,,,,,,,,,,,,,,,,,,,,,,,,,,,,,,,,,,,,,,,,,,,,,,,,,,,,,,,,,,,,,,,,,,,,,,,,,,,,,,,,,,,
Nelson Elhage,2,,https://openalex.org/A5020683620,A5020683620,,Nelson Elhage,Nelson Elhage,21,1212,25.2,15,16,True,1,True,True,False,False,1,United States,Massachusetts Institute of Technology,United States,,,,,,,,,,,,,,,,,,,,,,,,,,,,,,,,,,,,,,,,,,,,,,Massachusetts Institute of Technology,https://openalex.org/I63966007,United States,Massachusetts Institute of Technology,https://openalex.org/I63966007,United States,,,,,,,,,,,,,,,,,,,,,,,,,,,,,,,,,,,,,,,,,,,,,,,,,,,,,,,,,,,,,,,,,,,,,,,,,,,,,,,,,,,,,,,,,,,,,,,,,,,,,,,,,,,,,,,,,,,,,,,,,,,
Newton Cheng,3,,https://openalex.org/A5058959806,A5058959806,,Newton Cheng,Newton Cheng,17,840,32.25,10,10,True,2,True,True,False,False,1,United States,"University of California, Berkeley",United States,,,,,,,"University of California, Berkeley",https://openalex.org/I95457486,United States,"University of California, Berkeley",https://openalex.org/I95457486,United States,,,,"University of California, Berkeley",https://openalex.org/I95457486,United States,"University of California, Berkeley",https://openalex.org/I95457486,United States,,,,,,,,,,,,,,,,,,,,,,University of Illinois Urbana-Champaign,https://openalex.org/I157725225,United States,,,,,,,,,,,,,,,,,,,,,,,,,,,,,,,,,,,,,,,,,,,,,,,,,,,,,,,,,,,,,,,,,,,,,,,,,,,,,,,,,,,,,,,,,,,,,,,,,,,,,,,,,,,,,,,,,,,,,,,,,,,,,,,,,
Nicholas Joseph,4,,https://openalex.org/A5032088236,A5032088236,https://orcid.org/0000-0002-1972-0783,Nicholas Joseph,"Nicholas Joseph, Nicholas C. Joseph, N. Joseph, Nicholas C Joseph",50,1651,16.85,21,27,True,5,False,True,False,False,2,"South Korea, United States","University at Buffalo, State University of New York",United States,,,,,,,"University at Buffalo, State University of New York",https://openalex.org/I63190737,United States,,,,The Ohio State University,https://openalex.org/I52357470,United States,Film Independent,https://openalex.org/I4210121988,United States,,,,,,,The Ohio State University Wexner Medical Center,https://openalex.org/I2802841970,United States,Government of the Republic of Korea,https://openalex.org/I2801339556,South Korea,The Ohio State University Wexner Medical Center,https://openalex.org/I2802841970,United States,The Ohio State University,https://openalex.org/I52357470,United States,,,,,,,,,,,,,,,,,,,,,,,,,,,,,,,,,,,,,,,,,,,,,,,,,,,,,,,,,,,,,,,,,,,,,,,,,,,,,,,,,,,,,,,,,,,,,,,,,,,,,,,,,,,,,,,,,,,,,,,,,,,,,,,,,,,,,,,,,,
Nicholas Schiefer,5,,https://openalex.org/A5050348824,A5050348824,https://orcid.org/0000-0002-3065-6399,Nicholas Schiefer,Nicholas Schiefer,26,755,13.105263157894736,12,14,True,3,True,True,False,False,1,United States,Amazon (United States),United States,,,,,,,Amazon (United States),https://openalex.org/I1311688040,United States,,,,,,,,,,Apple (United States),https://openalex.org/I4210153776,United States,,,,,,,California Institute of Technology,https://openalex.org/I122411786,United States,California Institute of Technology,https://openalex.org/I122411786,United States,,,,,,,,,,,,,,,,,,,,,,,,,,,,,,,,,,,,,,,,,,,,,,,,,,,,,,,,,,,,,,,,,,,,,,,,,,,,,,,,,,,,,,,,,,,,,,,,,,,,,,,,,,,,,,,,,,,,,,,,,,,,,,,,,,,,,,,,,,,,,
Nova DasSarma,1,,https://openalex.org/A5011723751,A5011723751,,Nova DasSarma,Nova DasSarma,4,150,14.666666666666666,4,4,False,0,False,False,False,False,0,,,,,,,,,,,,,,,,,,,,,,,,,,,,,,,,,,,,,,,,,,,,,,,,,,,,,,,,,,,,,,,,,,,,,,,,,,,,,,,,,,,,,,,,,,,,,,,,,,,,,,,,,,,,,,,,,,,,,,,,,,,,,,,,,,,,,,,,,,,,,,,,,,,,,,,,,,,,,,,,,,,,,,,,,,,,,,,,,
Nova DasSarma,1,,https://openalex.org/A5030783855,A5030783855,,Nova DasSarma,Nova DasSarma,3,252,30.0,3,2,False,0,False,False,False,False,0,,,,,,,,,,,,,,,,,,,,,,,,,,,,,,,,,,,,,,,,,,,,,,,,,,,,,,,,,,,,,,,,,,,,,,,,,,,,,,,,,,,,,,,,,,,,,,,,,,,,,,,,,,,,,,,,,,,,,,,,,,,,,,,,,,,,,,,,,,,,,,,,,,,,,,,,,,,,,,,,,,,,,,,,,,,,,,,,,
Oliver Rausch,2,,https://openalex.org/A5053939329,A5053939329,https://orcid.org/0000-0003-4074-3848,Oliver Rausch,"Oliver Rausch, O. Rausch, Oliver L Rausch",135,3186,2.9047619047619047,21,28,True,10,False,False,False,False,5,"Belgium, Colombia, Germany, Switzerland, United Kingdom",Mission Therapeutics (United Kingdom),United Kingdom,Mission Therapeutics (United Kingdom),https://openalex.org/I4210092285,United Kingdom,Mission Therapeutics (United Kingdom),https://openalex.org/I4210092285,United Kingdom,Mission Therapeutics (United Kingdom),https://openalex.org/I4210092285,United Kingdom,ETH Zurich,https://openalex.org/I35440088,Switzerland,,,,ETH Zurich,https://openalex.org/I35440088,Switzerland,,,,,,,,,,CellCentric (United Kingdom),https://openalex.org/I4210098467,United Kingdom,UCB Pharma (Belgium),https://openalex.org/I85722119,Belgium,,,,,,,CellCentric (United Kingdom),https://openalex.org/I4210098467,United Kingdom,Icesi University,https://openalex.org/I76842071,Colombia,UCB Pharma (United Kingdom),https://openalex.org/I4210134054,United Kingdom,,,,Granta Design (United Kingdom),https://openalex.org/I4210110691,United Kingdom,,,,Granta Design (United Kingdom),https://openalex.org/I4210110691,United Kingdom,Granta Design (United Kingdom),https://openalex.org/I4210110691,United Kingdom,,,,GlaxoSmithKline (United Kingdom),https://openalex.org/I188950975,United Kingdom,,,,,,,GlaxoSmithKline (United Kingdom),https://openalex.org/I188950975,United Kingdom,Institute of Cancer Research,https://openalex.org/I142947616,United Kingdom,University of Göttingen,https://openalex.org/I74656192,Germany,,,,,,,,,,,,,,,,,,,,,,,,,,,,,,,,,,,,,,,,,,,,,,,,,,,,,,,,,,,,,,,,,,,,,,,,,,,,,,,,,,,,,,,,,,
Orowa Sikder,1,,https://openalex.org/A5072731542,A5072731542,https://orcid.org/0000-0001-6982-0144,Orowa Sikder,Orowa Sikder,6,105,16.0,2,2,True,1,False,False,False,False,1,United Kingdom,University College London,United Kingdom,,,,,,,,,,,,,University College London,https://openalex.org/I45129253,United Kingdom,University College London,https://openalex.org/I45129253,United Kingdom,,,,University College London,https://openalex.org/I45129253,United Kingdom,,,,,,,,,,,,,,,,,,,,,,,,,,,,,,,,,,,,,,,,,,,,,,,,,,,,,,,,,,,,,,,,,,,,,,,,,,,,,,,,,,,,,,,,,,,,,,,,,,,,,,,,,,,,,,,,,,,,,,,,,,,,,,,,,,,,,,,,,,,,,,,,,,,,,,
Paul Christiano,1,,https://openalex.org/A5109502066,A5109502066,,Paul Christiano,"Paul P. Christiano, P. P. Christiano, Paul Christiano, P. Christiano, Christiano Paul",67,6617,282.75,17,26,True,6,False,True,False,False,2,"Italy, United States",OpenAI (United States),United States,,,,,,,,,,,,,OpenAI (United States),https://openalex.org/I4210161460,United States,,,,,,,,,,,,,,,,,,,,,,,,,,,,Vassar College,https://openalex.org/I126820664,United States,,,,,,,,,,,,,,,,,,,,,,,,,,,,,,,,,,,,,,,,,,,,,,,,,,,,Carnegie Institution for Science,https://openalex.org/I196817621,United States,,,,,,,D'Appolonia (Italy),https://openalex.org/I4210158583,Italy,Carnegie Mellon University,https://openalex.org/I74973139,United States,Carnegie Mellon University,https://openalex.org/I74973139,United States,,,,Carnegie Mellon University,https://openalex.org/I74973139,United States,,,,Carnegie Mellon University,https://openalex.org/I74973139,United States,,,,Carnegie Mellon University,https://openalex.org/I74973139,United States,Carnegie Mellon University,https://openalex.org/I74973139,United States,Carnegie Mellon University,https://openalex.org/I74973139,United States,University of Minnesota,https://openalex.org/I130238516,United States,University of Minnesota,https://openalex.org/I130238516,United States,University of Minnesota,https://openalex.org/I130238516,United States,University of Minnesota,https://openalex.org/I130238516,United States,University of Minnesota,https://openalex.org/I130238516,United States,University of Minnesota,https://openalex.org/I130238516,United States,,,,,,,,,,,,,,,,,,
Robin J. Larson,1,,https://openalex.org/A5051064337,A5051064337,,Robin J. Larson,"R. Larson, Robin J. Larson, Robin Joyce Larson, Robin Larson, R. J. Larson",55,3393,18.25,24,30,True,7,True,True,False,False,1,United States,Natera (United States),United States,Natera (United States),https://openalex.org/I4210124610,United States,Dartmouth–Hitchcock Medical Center,https://openalex.org/I1289422878,United States,Dartmouth–Hitchcock Medical Center,https://openalex.org/I1289422878,United States,,,,,,,,,,,,,,,,,,,University of Miami,https://openalex.org/I145608581,United States,The University of Texas MD Anderson Cancer Center,https://openalex.org/I1343551460,United States,White River Junction VA Medical Center,https://openalex.org/I4210118357,United States,White River Junction VA Medical Center,https://openalex.org/I4210118357,United States,White River Junction VA Medical Center,https://openalex.org/I4210118357,United States,White River Junction VA Medical Center,https://openalex.org/I4210118357,United States,Dartmouth Institute for Health Policy and Clinical Practice,https://openalex.org/I126688049,United States,Dartmouth Institute for Health Policy and Clinical Practice,https://openalex.org/I126688049,United States,White River Junction VA Medical Center,https://openalex.org/I4210118357,United States,Dartmouth College,https://openalex.org/I107672454,United States,White River Junction VA Medical Center,https://openalex.org/I4210118357,United States,White River Junction VA Medical Center,https://openalex.org/I4210118357,United States,White River Junction VA Medical Center,https://openalex.org/I4210118357,United States,,,,,,,,,,,,,,,,,,,,,,,,,,,,,,,,,,,,,,,,,,,,,,,,,,,,,,,,,,,,,,,,,,,,,,,,,,,,,,,,,,,,,,,,,,,,,,,,,,,,,,,,,,,,
Roger Grosse,2,,https://openalex.org/A5067036768,A5067036768,,Roger Grosse,"R. Grosse, Roger B. Grosse, Roger Baker Grosse, Roger Grosse",152,10504,4.357142857142857,42,91,True,4,False,True,False,False,2,"Canada, United States",University of Toronto,Canada,,,,,,,,,,,,,University of Toronto,https://openalex.org/I185261750,Canada,University of Toronto,https://openalex.org/I185261750,Canada,University of Toronto,https://openalex.org/I185261750,Canada,University of Toronto,https://openalex.org/I185261750,Canada,University of Toronto,https://openalex.org/I185261750,Canada,University of Toronto,https://openalex.org/I185261750,Canada,University of Toronto,https://openalex.org/I185261750,Canada,Institute of Cognitive and Brain Sciences,https://openalex.org/I4210104429,United States,Massachusetts Institute of Technology,https://openalex.org/I63966007,United States,Massachusetts Institute of Technology,https://openalex.org/I63966007,United States,Massachusetts Institute of Technology,https://openalex.org/I63966007,United States,,,,Stanford University,https://openalex.org/I97018004,United States,,,,Stanford University,https://openalex.org/I97018004,United States,,,,,,,,,,,,,,,,,,,,,,,,,,,,,,,,,,,,,,,,,,,,,,,,,,,,,,,,,,,,,,,,,,,,,,,,,,,,,,,,,,,,,,,,,,,,,,,,,,,,,,,,,,,,,,,,,,,,,
Ryan Greenblatt,2,,https://openalex.org/A5037548279,A5037548279,,Ryan Greenblatt,Ryan Greenblatt,8,21,0.3333333333333333,2,1,True,1,True,True,False,False,1,United States,Zebra Biologics (United States),United States,,,,,,,,,,,,,,,,,,,,,,Zebra Biologics (United States),https://openalex.org/I4210103136,United States,,,,,,,,,,,,,,,,,,,,,,,,,,,,,,,,,,,,,,,,,,,,,,,,,,,,,,,,,,,,,,,,,,,,,,,,,,,,,,,,,,,,,,,,,,,,,,,,,,,,,,,,,,,,,,,,,,,,,,,,,,,,,,,,,,,,,,,,,,,,,,,,,,,,,,
Ryan Soklaski,1,,https://openalex.org/A5099241628,A5099241628,,Ryan Soklaski,Ryan Soklaski,1,0,0.0,0,0,False,0,False,False,False,False,0,,,,,,,,,,,,,,,,,,,,,,,,,,,,,,,,,,,,,,,,,,,,,,,,,,,,,,,,,,,,,,,,,,,,,,,,,,,,,,,,,,,,,,,,,,,,,,,,,,,,,,,,,,,,,,,,,,,,,,,,,,,,,,,,,,,,,,,,,,,,,,,,,,,,,,,,,,,,,,,,,,,,,,,,,,,,,,,,,
Saffron Huang,1,,https://openalex.org/A5040949100,A5040949100,https://orcid.org/0009-0008-2654-5961,Saffron Huang,Saffron Huang,11,659,17.5,8,7,True,2,False,True,False,False,2,"United Kingdom, United States",DeepMind (United Kingdom),United Kingdom,,,,,,,DeepMind (United Kingdom),https://openalex.org/I4210090411,United Kingdom,New York University,https://openalex.org/I57206974,United States,,,,,,,,,,,,,,,,,,,,,,,,,,,,,,,,,,,,,,,,,,,,,,,,,,,,,,,,,,,,,,,,,,,,,,,,,,,,,,,,,,,,,,,,,,,,,,,,,,,,,,,,,,,,,,,,,,,,,,,,,,,,,,,,,,,,,,,,,,,,,,,,,,,,,,,,,,,,,,,,,,
Sam McCandlish,4,,https://openalex.org/A5054887773,A5054887773,,Sam McCandlish,Sam Mccandlish,34,19730,21.2,21,27,True,1,False,False,False,False,1,Germany,Bauhaus-Universität Weimar,Germany,,,,,,,,,,Bauhaus-Universität Weimar,https://openalex.org/I51441396,Germany,,,,,,,,,,,,,,,,,,,,,,,,,,,,,,,,,,,,,,,,,,,,,,,,,,,,,,,,,,,,,,,,,,,,,,,,,,,,,,,,,,,,,,,,,,,,,,,,,,,,,,,,,,,,,,,,,,,,,,,,,,,,,,,,,,,,,,,,,,,,,,,,,,,,,,,,,,,,,,,,,,
Samuel Marks,1,,https://openalex.org/A5032071922,A5032071922,,Samuel Marks,"Samuel Marks, S Marks",4,1,0.0,1,0,False,0,False,False,False,False,0,,,,,,,,,,,,,,,,,,,,,,,,,,,,,,,,,,,,,,,,,,,,,,,,,,,,,,,,,,,,,,,,,,,,,,,,,,,,,,,,,,,,,,,,,,,,,,,,,,,,,,,,,,,,,,,,,,,,,,,,,,,,,,,,,,,,,,,,,,,,,,,,,,,,,,,,,,,,,,,,,,,,,,,,,,,,,,,,,
Samuel R. Bowman,5,,https://openalex.org/A5112713734,A5112713734,,Samuel R. Bowman,"S. Ray Bowman, Samuel Bowman, Samuel R. Bowman",213,18347,12.571428571428571,46,101,True,7,True,True,False,False,1,United States,New York University,United States,,,,,,,New York University,https://openalex.org/I57206974,United States,New York University,https://openalex.org/I57206974,United States,Allen Institute,https://openalex.org/I4210140341,United States,University of Colorado System,https://openalex.org/I2802236040,United States,Johns Hopkins University,https://openalex.org/I145311948,United States,Google (United States),https://openalex.org/I1291425158,United States,New York University,https://openalex.org/I57206974,United States,Google (United States),https://openalex.org/I1291425158,United States,Center for Applied Linguistics,https://openalex.org/I1344076864,United States,,,,,,,Center for International Environmental Law,https://openalex.org/I2800048442,United States,,,,,,,,,,,,,,,,,,,,,,,,,,,,,,,,,,,,,,,,,,,,,,,,,,,,,,,,,,,,,,,,,,,,,,,,,,,,,,,,,,,,,,,,,,,,,,,,,,,,,,,,,,,,,,,,,,,,,,,,,,,,,,,,,,,,
Sandipan Kundu,1,,https://openalex.org/A5010007563,A5010007563,https://orcid.org/0000-0002-0754-0072,Sandipan Kundu,"Sandipan Kundu, S. K. Kundu",60,2003,10.5,21,36,True,6,False,True,False,False,3,"Australia, United Kingdom, United States",University of Pennsylvania,United States,,,,,,,University of Pennsylvania,https://openalex.org/I79576946,United States,Johns Hopkins University,https://openalex.org/I145311948,United States,Johns Hopkins University,https://openalex.org/I145311948,United States,Johns Hopkins University,https://openalex.org/I145311948,United States,Johns Hopkins University,https://openalex.org/I145311948,United States,Johns Hopkins University,https://openalex.org/I145311948,United States,Cornell University,https://openalex.org/I205783295,United States,Cornell University,https://openalex.org/I205783295,United States,The University of Texas at Austin,https://openalex.org/I86519309,United States,Intel (United Kingdom),https://openalex.org/I4210158342,United Kingdom,The University of Texas at Austin,https://openalex.org/I86519309,United States,The University of Texas at Austin,https://openalex.org/I86519309,United States,The University of Texas at Austin,https://openalex.org/I86519309,United States,,,,,,,,,,,,,,,,,,,,,,,,,,,,,,,,,,,,,,,,,,,,,,,,,,,,,,,,,,,,,,,,,,,,,,,,,,,,,,,,,,,,,,,,,,,,,,,,,,,,,,,,,,,,,,,,,,,,,,Australian National University,https://openalex.org/I118347636,Australia,,,,,,,,,
Saurav Kadavath,1,,https://openalex.org/A5061506488,A5061506488,,Saurav Kadavath,Saurav Kadavath,20,2534,28.2,13,14,True,1,True,True,False,False,1,United States,"University of California, Berkeley",United States,,,,,,,,,,,,,"University of California, Berkeley",https://openalex.org/I95457486,United States,,,,"University of California, Berkeley",https://openalex.org/I95457486,United States,,,,,,,,,,,,,,,,,,,,,,,,,,,,,,,,,,,,,,,,,,,,,,,,,,,,,,,,,,,,,,,,,,,,,,,,,,,,,,,,,,,,,,,,,,,,,,,,,,,,,,,,,,,,,,,,,,,,,,,,,,,,,,,,,,,,,,,,,,,,,,,,,,,,,,,,,
Scott R. Johnston,1,,https://openalex.org/A5113030004,A5113030004,,Scott R. Johnston,Scott R. Johnston,1,23,12.0,1,1,False,0,False,False,False,False,0,,,,,,,,,,,,,,,,,,,,,,,,,,,,,,,,,,,,,,,,,,,,,,,,,,,,,,,,,,,,,,,,,,,,,,,,,,,,,,,,,,,,,,,,,,,,,,,,,,,,,,,,,,,,,,,,,,,,,,,,,,,,,,,,,,,,,,,,,,,,,,,,,,,,,,,,,,,,,,,,,,,,,,,,,,,,,,,,,
Shan Carter,1,,https://openalex.org/A5087762412,A5087762412,,Shan Carter,Shan Carter,12,1277,0.0,10,10,True,2,True,True,False,False,1,United States,OpenAI (United States),United States,,,,,,,,,,,,,,,,OpenAI (United States),https://openalex.org/I4210161460,United States,Google (United States),https://openalex.org/I1291425158,United States,Google (United States),https://openalex.org/I1291425158,United States,Google (United States),https://openalex.org/I1291425158,United States,Google (United States),https://openalex.org/I1291425158,United States,,,,,,,,,,,,,,,,,,,,,,,,,,,,,,,,,,,,,,,,,,,,,,,,,,,,,,,,,,,,,,,,,,,,,,,,,,,,,,,,,,,,,,,,,,,,,,,,,,,,,,,,,,,,,,,,,,,,,,,,,,,,,,,,,,,,,,,,,,,,,,,,
Shannon Yang,1,,https://openalex.org/A5037725211,A5037725211,,Shannon Yang,Shannon Yang,6,35,5.0,3,2,True,1,True,True,False,False,1,United States,Meta (United States),United States,,,,,,,,,,,,,Meta (United States),https://openalex.org/I4210114444,United States,,,,,,,,,,,,,,,,,,,,,,,,,,,,,,,,,,,,,,,,,,,,,,,,,,,,,,,,,,,,,,,,,,,,,,,,,,,,,,,,,,,,,,,,,,,,,,,,,,,,,,,,,,,,,,,,,,,,,,,,,,,,,,,,,,,,,,,,,,,,,,,,,,,,,,,,,,,,,,,
Shauna Kravec,5,,https://openalex.org/A5009112681,A5009112681,,Shauna Kravec,"Shauna Kravec, S. M. Kravec",21,1171,26.0,14,16,True,1,True,True,False,False,1,United States,"University of California, San Diego",United States,,,,,,,,,,,,,,,,,,,"University of California, San Diego",https://openalex.org/I36258959,United States,,,,,,,,,,"University of California, San Diego",https://openalex.org/I36258959,United States,,,,"University of California, San Diego",https://openalex.org/I36258959,United States,,,,,,,,,,,,,,,,,,,,,,,,,,,,,,,,,,,,,,,,,,,,,,,,,,,,,,,,,,,,,,,,,,,,,,,,,,,,,,,,,,,,,,,,,,,,,,,,,,,,,,,,,,,,,,,,,,,,,,,,,,,,,,,,,,,,,,,
Shula Marks,1,,https://openalex.org/A5109556682,A5109556682,,Shula Marks,"Shula Marks, Sam Marks, S. F. Marks, S. Marks",188,3887,1.0,33,51,True,10,False,False,False,False,3,"Australia, Mexico, United Kingdom",Oxford Brookes University,United Kingdom,,,,,,,,,,,,,,,,,,,,,,,,,Oxford Brookes University,https://openalex.org/I124261462,United Kingdom,,,,Universidad de Londres,https://openalex.org/I4210160447,Mexico,SOAS University of London,https://openalex.org/I31575130,United Kingdom,,,,University College London,https://openalex.org/I45129253,United Kingdom,Universidad de Londres,https://openalex.org/I4210160447,Mexico,,,,Transnational Press London,https://openalex.org/I4392021135,United Kingdom,,,,,,,,,,,,,School of Advanced Study,https://openalex.org/I2802488147,United Kingdom,Universidad de Londres,https://openalex.org/I4210160447,Mexico,SOAS University of London,https://openalex.org/I31575130,United Kingdom,Universidad de Londres,https://openalex.org/I4210160447,Mexico,Universidad de Londres,https://openalex.org/I4210160447,Mexico,SOAS University of London,https://openalex.org/I31575130,United Kingdom,Universidad de Londres,https://openalex.org/I4210160447,Mexico,University of London,https://openalex.org/I124357947,United Kingdom,Universidad de Londres,https://openalex.org/I4210160447,Mexico,Commonwealth Education Trust,https://openalex.org/I4210148914,United Kingdom,Commonwealth Education Trust,https://openalex.org/I4210148914,United Kingdom,Commonwealth Education Trust,https://openalex.org/I4210148914,United Kingdom,Commonwealth Education Trust,https://openalex.org/I4210148914,United Kingdom,Commonwealth Education Trust,https://openalex.org/I4210148914,United Kingdom,Centenary Institute,https://openalex.org/I2800664540,Australia,London School of Hygiene & Tropical Medicine,https://openalex.org/I4210089966,United Kingdom,,,,Commonwealth Education Trust,https://openalex.org/I4210148914,United Kingdom,,,,,,,,,,,,,Commonwealth Education Trust,https://openalex.org/I4210148914,United Kingdom,,,,,,,Commonwealth Education Trust,https://openalex.org/I4210148914,United Kingdom,,,,,,,,,,,,,,,,,,,,,,,,,,,,,,,,,
Stuart J. Ritchie,1,,https://openalex.org/A5049097607,A5049097607,https://orcid.org/0000-0001-8512-7825,Stuart J. Ritchie,"Stuart James Ritchie, Stuart J. Ritchie, S. Ritchie, S. J. Ritchie, Stuart Ritchie",204,13206,2.875,54,117,True,7,False,False,False,False,1,United Kingdom,King's College London,United Kingdom,,,,,,,King's College London,https://openalex.org/I183935753,United Kingdom,King's College London,https://openalex.org/I183935753,United Kingdom,King's College London,https://openalex.org/I183935753,United Kingdom,Royal Botanic Garden Edinburgh,https://openalex.org/I167261309,United Kingdom,Ricardo (United Kingdom),https://openalex.org/I299730958,United Kingdom,Southern General Hospital,https://openalex.org/I2802050120,United Kingdom,Ixico (United Kingdom),https://openalex.org/I4210096995,United Kingdom,Alzheimer Scotland,https://openalex.org/I4210091839,United Kingdom,Alzheimer Scotland,https://openalex.org/I4210091839,United Kingdom,University of Edinburgh,https://openalex.org/I98677209,United Kingdom,University of Edinburgh,https://openalex.org/I98677209,United Kingdom,University of Edinburgh,https://openalex.org/I98677209,United Kingdom,University of Edinburgh,https://openalex.org/I98677209,United Kingdom,,,,,,,,,,,,,,,,,,,,,,,,,,,,,,,,,,,,,,,,,,,,,,,,,,,,,,,,,,,,,,,,,,,,,,,,,,,,,,,,,,,,,,,,,,,,,,,,,,,,,,,,,,,,,,,,,,,,,,,,,,,,,,,,,
Sören Mindermann,3,,https://openalex.org/A5012960540,A5012960540,https://orcid.org/0000-0002-0315-9821,Sören Mindermann,Sören Mindermann,42,2128,10.0,16,22,True,5,False,True,False,False,3,"Canada, United Kingdom, United States",Mila - Quebec Artificial Intelligence Institute,Canada,Mila - Quebec Artificial Intelligence Institute,https://openalex.org/I4210164802,Canada,Université de Montréal,https://openalex.org/I70931966,Canada,RAND Corporation,https://openalex.org/I1309849503,United States,University of Oxford,https://openalex.org/I40120149,United Kingdom,University of Oxford,https://openalex.org/I40120149,United Kingdom,Oxford Research Group,https://openalex.org/I2802123492,United Kingdom,,,,University of Oxford,https://openalex.org/I40120149,United Kingdom,University of Oxford,https://openalex.org/I40120149,United Kingdom,,,,,,,,,,,,,,,,,,,,,,,,,,,,,,,,,,,,,,,,,,,,,,,,,,,,,,,,,,,,,,,,,,,,,,,,,,,,,,,,,,,,,,,,,,,,,,,,,,,,,,,,,,,,,,,,,,,,,,,,,,,,,,,,,,,,,,,,,,,,,,,,,,,
T. Maxwell,1,,https://openalex.org/A5108360703,A5108360703,,T. Maxwell,"T. T. Maxwell, Tientcheu‐Nsiewe Max‐well, Timothy Maxwell, T. Maxwell, Timothy Taylor Maxwell, Timothy T. Maxwell",74,743,10.0,14,25,True,4,True,True,False,False,1,United States,Texas Tech University,United States,,,,Texas Tech University,https://openalex.org/I12315562,United States,,,,,,,,,,Texas Tech University,https://openalex.org/I12315562,United States,,,,,,,,,,,,,Texas Tech University,https://openalex.org/I12315562,United States,Texas Tech University,https://openalex.org/I12315562,United States,Texas Tech University,https://openalex.org/I12315562,United States,,,,,,,Texas Tech University,https://openalex.org/I12315562,United States,,,,Texas Tech University,https://openalex.org/I12315562,United States,,,,Texas Tech University,https://openalex.org/I12315562,United States,Texas Tech University,https://openalex.org/I12315562,United States,,,,Texas Tech University,https://openalex.org/I12315562,United States,,,,,,,,,,,,,,,,Valve (United States),https://openalex.org/I1317635190,United States,,,,,,,,,,,,,,,,,,,,,,,,,,,,,,,,,,,,,,,,Auburn University,https://openalex.org/I82497590,United States,,,,,,,RAND Corporation,https://openalex.org/I1309849503,United States,,,,,,,,,,,,,,,,,,,,,,,,,,,,,,,,,,,,
Tamera Lanham,1,,https://openalex.org/A5022793124,A5022793124,,Tamera Lanham,Tamera Lanham,7,396,23.166666666666668,7,6,False,0,False,False,False,False,0,,,,,,,,,,,,,,,,,,,,,,,,,,,,,,,,,,,,,,,,,,,,,,,,,,,,,,,,,,,,,,,,,,,,,,,,,,,,,,,,,,,,,,,,,,,,,,,,,,,,,,,,,,,,,,,,,,,,,,,,,,,,,,,,,,,,,,,,,,,,,,,,,,,,,,,,,,,,,,,,,,,,,,,,,,,,,,,,,
Theodore R. Sumers,1,,https://openalex.org/A5115560625,A5115560625,,Theodore R. Sumers,"Theodore R. Sumers, Theodore Sumers",2,5,0.0,1,0,False,0,False,False,False,False,0,,,,,,,,,,,,,,,,,,,,,,,,,,,,,,,,,,,,,,,,,,,,,,,,,,,,,,,,,,,,,,,,,,,,,,,,,,,,,,,,,,,,,,,,,,,,,,,,,,,,,,,,,,,,,,,,,,,,,,,,,,,,,,,,,,,,,,,,,,,,,,,,,,,,,,,,,,,,,,,,,,,,,,,,,,,,,,,,,
Thomas I. Liao,2,,https://openalex.org/A5058639265,A5058639265,https://orcid.org/0009-0002-3936-1391,Thomas I. Liao,Thomas I. Liao,5,63,6.333333333333333,3,2,False,0,False,False,False,False,0,,,,,,,,,,,,,,,,,,,,,,,,,,,,,,,,,,,,,,,,,,,,,,,,,,,,,,,,,,,,,,,,,,,,,,,,,,,,,,,,,,,,,,,,,,,,,,,,,,,,,,,,,,,,,,,,,,,,,,,,,,,,,,,,,,,,,,,,,,,,,,,,,,,,,,,,,,,,,,,,,,,,,,,,,,,,,,,,,
Tim Belonax,1,,https://openalex.org/A5115560878,A5115560878,,Tim Belonax,Tim Belonax,1,3,0.0,1,0,False,0,False,False,False,False,0,,,,,,,,,,,,,,,,,,,,,,,,,,,,,,,,,,,,,,,,,,,,,,,,,,,,,,,,,,,,,,,,,,,,,,,,,,,,,,,,,,,,,,,,,,,,,,,,,,,,,,,,,,,,,,,,,,,,,,,,,,,,,,,,,,,,,,,,,,,,,,,,,,,,,,,,,,,,,,,,,,,,,,,,,,,,,,,,,
Tim Maxwell,1,,https://openalex.org/A5108519631,A5108519631,,Tim Maxwell,Tim Maxwell,11,37,2.0,4,1,True,1,True,True,False,False,1,United States,Texas Tech University,United States,,,,,,,,,,,,,,,,Texas Tech University,https://openalex.org/I12315562,United States,,,,,,,,,,,,,,,,,,,,,,,,,,,,,,,,,,,,,Texas Tech University,https://openalex.org/I12315562,United States,,,,Texas Tech University,https://openalex.org/I12315562,United States,,,,,,,,,,,,,,,,,,,,,,,,,,,,,,,,,,,,,,,,,,,,,,,,,,,,,,,,,,,,,,,,,,,,,,,,,,,,,,,,,,,,,,,,,,,,,,,,,,,,,,,,,,,,,,,
Timothy Telleen-Lawton,1,,https://openalex.org/A5001194068,A5001194068,,Timothy Telleen-Lawton,Timothy Telleen‐Lawton,10,840,34.0,7,7,False,0,False,False,False,False,0,,,,,,,,,,,,,,,,,,,,,,,,,,,,,,,,,,,,,,,,,,,,,,,,,,,,,,,,,,,,,,,,,,,,,,,,,,,,,,,,,,,,,,,,,,,,,,,,,,,,,,,,,,,,,,,,,,,,,,,,,,,,,,,,,,,,,,,,,,,,,,,,,,,,,,,,,,,,,,,,,,,,,,,,,,,,,,,,,
Tom Henighan,1,,https://openalex.org/A5049786610,A5049786610,,Tom Henighan,"Tom Henighan, T. J. Henighan",39,18245,22.8125,18,20,True,2,False,False,False,False,2,"France, United Kingdom",Université d'Avignon et des Pays de Vaucluse,France,,,,,,,,,,Université d'Avignon et des Pays de Vaucluse,https://openalex.org/I198415970,France,University of Sheffield,https://openalex.org/I91136226,United Kingdom,,,,,,,,,,,,,,,,,,,,,,,,,,,,,,,,,,,,,,,,,,,,,,,,,,,,,,,,,,,,,,,,,,,,,,,,,,,,,,,,,,,,,,,,,,,,,,,,,,,,,,,,,,,,,,,,,,,,,,,,,,,,,,,,,,,,,,,,,,,,,,,,,,,,,,,,,,,,,,,
Tomasz Korbak,1,,https://openalex.org/A5002211679,A5002211679,https://orcid.org/0000-0002-6258-2013,Tomasz Korbak,Tomasz Korbak,45,269,5.1,8,7,True,3,False,True,False,False,2,"Poland, United States",New York University,United States,,,,,,,,,,New York University,https://openalex.org/I57206974,United States,University of Warsaw,https://openalex.org/I4654613,Poland,Polish Academy of Sciences,https://openalex.org/I99542240,Poland,University of Warsaw,https://openalex.org/I4654613,Poland,,,,,,,,,,University of Warsaw,https://openalex.org/I4654613,Poland,,,,,,,,,,,,,,,,,,,,,,,,,,,,,,,,,,,,,,,,,,,,,,,,,,,,,,,,,,,,,,,,,,,,,,,,,,,,,,,,,,,,,,,,,,,,,,,,,,,,,,,,,,,,,,,,,,,,,,,,,,,,,,,,,,,,,,,,,,,,,
Tristan Hume,1,,https://openalex.org/A5079539910,A5079539910,,Tristan Hume,Tristan Hume,5,152,10.8,4,4,False,0,False,False,False,False,0,,,,,,,,,,,,,,,,,,,,,,,,,,,,,,,,,,,,,,,,,,,,,,,,,,,,,,,,,,,,,,,,,,,,,,,,,,,,,,,,,,,,,,,,,,,,,,,,,,,,,,,,,,,,,,,,,,,,,,,,,,,,,,,,,,,,,,,,,,,,,,,,,,,,,,,,,,,,,,,,,,,,,,,,,,,,,,,,,
Wendy G. Mitchell,1,,https://openalex.org/A5036342509,A5036342509,https://orcid.org/0000-0001-8082-1383,Wendy G. Mitchell,"Wes Mitchell, W. G. Mitchell, Wendy Mitchell, Wendy G. Mitchell, W. Mitchell",153,5550,5.222222222222222,45,78,True,6,False,True,False,False,2,"United Kingdom, United States",Children's Hospital of Los Angeles,United States,Children's Hospital of Los Angeles,https://openalex.org/I1336910626,United States,University of Southern California,https://openalex.org/I1174212,United States,Keck Hospital of USC,https://openalex.org/I2800154431,United States,Dementia UK,https://openalex.org/I4210122726,United Kingdom,University of Southern California,https://openalex.org/I1174212,United States,University of Chicago,https://openalex.org/I40347166,United States,Moores Cancer Center,https://openalex.org/I4390039236,United States,,,,University of Chicago,https://openalex.org/I40347166,United States,University of Chicago,https://openalex.org/I40347166,United States,University of Southern California,https://openalex.org/I1174212,United States,University of Southern California,https://openalex.org/I1174212,United States,University of Southern California,https://openalex.org/I1174212,United States,,,,,,,,,,,,,,,,,,,,,,,,,,,,,,,,,,,,,,,,,,,,,,,,,University of Chicago,https://openalex.org/I40347166,United States,,,,,,,,,,University of Chicago,https://openalex.org/I40347166,United States,,,,,,,,,,,,,,,,,,,,,,,,,,,,,,,University of Chicago,https://openalex.org/I40347166,United States,,,,,,,,,,,,,,,,,,,,,,,,,,,,,,,,,,,,,,,
William McEachen,1,,https://openalex.org/A5115560626,A5115560626,,William McEachen,William McEachen,1,3,0.0,1,0,False,0,False,False,False,False,0,,,,,,,,,,,,,,,,,,,,,,,,,,,,,,,,,,,,,,,,,,,,,,,,,,,,,,,,,,,,,,,,,,,,,,,,,,,,,,,,,,,,,,,,,,,,,,,,,,,,,,,,,,,,,,,,,,,,,,,,,,,,,,,,,,,,,,,,,,,,,,,,,,,,,,,,,,,,,,,,,,,,,,,,,,,,,,,,,
Yuntao Bai,2,,https://openalex.org/A5091860006,A5091860006,https://orcid.org/0000-0003-3998-7837,Yuntao Bai,"Yuntao Bai ‐, Yuntao Bai",58,2570,26.210526315789473,23,32,True,3,False,True,False,True,3,"China, United Kingdom, United States",Xiamen University,China,,,,Xiamen University,https://openalex.org/I191208505,China,Xiamen University,https://openalex.org/I191208505,China,Xiamen University,https://openalex.org/I191208505,China,Xiamen University,https://openalex.org/I191208505,China,Xiamen University,https://openalex.org/I191208505,China,Xiamen University,https://openalex.org/I191208505,China,,,,London Business School,https://openalex.org/I61544103,United Kingdom,Xiamen University,https://openalex.org/I191208505,China,The Ohio State University,https://openalex.org/I52357470,United States,The Ohio State University,https://openalex.org/I52357470,United States,Xiamen University,https://openalex.org/I191208505,China,,,,,,,,,,,,,,,,,,,,,,,,,,,,,,,,,,,,,,,,,,,,,,,,,,,,,,,,,,,,,,,,,,,,,,,,,,,,,,,,,,,,,,,,,,,,,,,,,,,,,,,,,,,,,,,,,,,,,,,,,,,,,,,,,,,,,,,
Zac Hatfield-Dodds,3,,https://openalex.org/A5070402589,A5070402589,https://orcid.org/0000-0002-8646-8362,Zac Hatfield-Dodds,Zac Hatfield‐Dodds,40,3800,81.0,15,18,True,1,False,False,False,False,1,Australia,Australian National University,Australia,,,,Australian National University,https://openalex.org/I118347636,Australia,,,,Australian National University,https://openalex.org/I118347636,Australia,Australian National University,https://openalex.org/I118347636,Australia,Australian National University,https://openalex.org/I118347636,Australia,Australian National University,https://openalex.org/I118347636,Australia,,,,,,,,,,,,,,,,,,,,,,,,,,,,,,,,,,,,,,,,,,,,,,,,,,,,,,,,,,,,,,,,,,,,,,,,,,,,,,,,,,,,,,,,,,,,,,,,,,,,,,,,,,,,,,,,,,,,,,,,,,,,,,,,,,,,,,,,,,,,,,,,,,,,,,,,,
Zachary Witten,1,,https://openalex.org/A5093713873,A5093713873,,Zachary Witten,Zachary Witten,1,14,0.0,1,1,False,0,False,False,False,False,0,,,,,,,,,,,,,,,,,,,,,,,,,,,,,,,,,,,,,,,,,,,,,,,,,,,,,,,,,,,,,,,,,,,,,,,,,,,,,,,,,,,,,,,,,,,,,,,,,,,,,,,,,,,,,,,,,,,,,,,,,,,,,,,,,,,,,,,,,,,,,,,,,,,,,,,,,,,,,,,,,,,,,,,,,,,,,,,,,
